place_id,place_name,city,province,category_clean,c1_ticket_price_z,c2_rating_z,c4_facility_score_z,category_alam,category_bahari,category_belanja,category_budaya,category_hiburan,category_religi
1,Monumen Nasional,Jakarta,DKI Jakarta,budaya,-0.07009420663890252,0.7545442442790101,-0.43791018704105006,0,0,0,1,0,0
2,Kota Tua,Jakarta,DKI Jakarta,budaya,-0.3714337865818478,0.7545442442790101,-0.43791018704105006,0,0,0,1,0,0
3,Dunia Fantasi,Jakarta,DKI Jakarta,hiburan,3.6966505426479137,0.7545442442790101,-0.43791018704105006,0,0,0,0,1,0
4,Taman Mini Indonesia Indah (TMII),Jakarta,DKI Jakarta,hiburan,-0.22076399661037516,0.2745794193155063,-0.43791018704105006,0,0,0,0,1,0
5,Atlantis Water Adventure,Jakarta,DKI Jakarta,hiburan,1.0448622391499949,0.2745794193155063,-0.43791018704105006,0,0,0,0,1,0
6,Taman Impian Jaya Ancol,Jakarta,DKI Jakarta,hiburan,0.005240688346833808,0.2745794193155063,-0.43791018704105006,0,0,0,0,1,0
7,Kebun Binatang Ragunan,Jakarta,DKI Jakarta,alam,-0.31116587059325873,0.2745794193155063,-0.43791018704105006,1,0,0,0,0,0
8,Ocean Ecopark,Jakarta,DKI Jakarta,hiburan,2.34062243290466,-2.1252447055020216,-0.43791018704105006,0,0,0,0,1,0
9,Pelabuhan Marina,Jakarta,DKI Jakarta,bahari,2.2652875379189235,-0.2053854056479976,-0.43791018704105006,0,1,0,0,0,0
10,Pulau Tidung,Jakarta,DKI Jakarta,bahari,1.8886130629902418,0.2745794193155063,-0.43791018704105006,0,1,0,0,0,0
11,Pulau Bidadari,Jakarta,DKI Jakarta,bahari,-0.29609889159611147,0.7545442442790101,-0.43791018704105006,0,1,0,0,0,0
12,Pulau Pari,Jakarta,DKI Jakarta,bahari,1.8886130629902418,-2.1252447055020216,-0.43791018704105006,0,1,0,0,0,0
13,Pulau Pramuka,Jakarta,DKI Jakarta,bahari,-0.29609889159611147,-1.1653150555750096,-0.43791018704105006,0,1,0,0,0,0
14,Pulau Pelangi,Jakarta,DKI Jakarta,bahari,13.18884731085069,1.7144738942060223,-0.43791018704105006,0,1,0,0,0,0
15,Pasar Seni,Jakarta,DKI Jakarta,belanja,-0.3714337865818478,-0.2053854056479976,-0.43791018704105006,0,0,1,0,0,0
16,Jembatan Kota Intan,Jakarta,DKI Jakarta,budaya,-0.3714337865818478,-0.6853502306115058,-0.43791018704105006,0,0,0,1,0,0
17,Museum Fatahillah,Jakarta,DKI Jakarta,budaya,-0.29609889159611147,-0.2053854056479976,-0.43791018704105006,0,0,0,1,0,0
18,Museum Bank Indonesia,Jakarta,DKI Jakarta,budaya,-0.34129982858755326,1.2345090692425182,1.619796820883024,0,0,0,1,0,0
19,Kidzania,Jakarta,DKI Jakarta,hiburan,2.415957327890396,0.7545442442790101,-0.43791018704105006,0,0,0,0,1,0
20,Museum Taman Prasasti,Jakarta,DKI Jakarta,budaya,-0.34129982858755326,0.2745794193155063,-0.43791018704105006,0,0,0,1,0,0
21,Museum Wayang,Jakarta,DKI Jakarta,budaya,-0.29609889159611147,0.2745794193155063,-0.43791018704105006,0,0,0,1,0,0
22,Masjid Istiqlal,Jakarta,DKI Jakarta,religi,-0.3714337865818478,1.2345090692425182,1.619796820883024,0,0,0,0,0,1
23,Gereja Katedral,Jakarta,DKI Jakarta,religi,-0.3714337865818478,1.7144738942060223,1.619796820883024,0,0,0,0,0,1
24,Museum Nasional,Jakarta,DKI Jakarta,budaya,-0.29609889159611147,0.7545442442790101,-0.43791018704105006,0,0,0,1,0,0
25,Pasar Tanah Abang,Jakarta,DKI Jakarta,belanja,-0.3714337865818478,-2.1252447055020216,3.677503828807098,0,0,1,0,0,0
26,Pecinan Glodok,Jakarta,DKI Jakarta,belanja,-0.3714337865818478,-0.6853502306115058,-0.43791018704105006,0,0,1,0,0,0
27,Sea World,Jakarta,DKI Jakarta,hiburan,1.3612687980900875,0.2745794193155063,-0.43791018704105006,0,0,0,0,1,0
28,Wisata Agro Edukatif Istana Susu Cibugary,Jakarta,DKI Jakarta,hiburan,0.15591047831830646,0.2745794193155063,-0.43791018704105006,0,0,0,0,1,0
29,Wisata Kuliner Pecenongan,Jakarta,DKI Jakarta,belanja,-0.3714337865818478,2.674403544133034,1.619796820883024,0,0,1,0,0,0
30,Taman Menteng,Jakarta,DKI Jakarta,hiburan,-0.3714337865818478,0.2745794193155063,-0.43791018704105006,0,0,0,0,1,0
31,Wisata Alam Mangrove Angke,Jakarta,DKI Jakarta,alam,0.005240688346833808,-0.6853502306115058,-0.43791018704105006,1,0,0,0,0,0
32,Setu Babakan,Jakarta,DKI Jakarta,budaya,-0.3714337865818478,-0.2053854056479976,1.619796820883024,0,0,0,1,0,0
33,Taman Suropati,Jakarta,DKI Jakarta,hiburan,-0.3714337865818478,0.7545442442790101,-0.43791018704105006,0,0,0,0,1,0
34,Pasar Taman Puring,Jakarta,DKI Jakarta,belanja,-0.3714337865818478,-0.2053854056479976,-0.43791018704105006,0,0,1,0,0,0
35,Grand Indonesia Mall,Jakarta,DKI Jakarta,belanja,-0.3714337865818478,1.2345090692425182,-0.43791018704105006,0,0,1,0,0,0
36,Skyrink - Mall Taman Anggrek,Jakarta,DKI Jakarta,hiburan,1.2859339031043513,0.2745794193155063,-0.43791018704105006,0,0,0,0,1,0
37,Bumi Perkemahan Cibubur,Jakarta,DKI Jakarta,hiburan,-0.22076399661037516,0.2745794193155063,-0.43791018704105006,0,0,0,0,1,0
38,Istana Negara Republik Indonesia,Jakarta,DKI Jakarta,budaya,-0.3714337865818478,0.7545442442790101,-0.43791018704105006,0,0,0,1,0,0
39,Museum Macan (Modern and Contemporary Art in Nusantara),Jakarta,DKI Jakarta,budaya,1.1352641131328784,0.2745794193155063,-0.43791018704105006,0,0,0,1,0,0
40,Galeri Nasional Indonesia,Jakarta,DKI Jakarta,budaya,-0.3714337865818478,0.7545442442790101,-0.43791018704105006,0,0,0,1,0,0
41,Museum Bahari Jakarta,Jakarta,DKI Jakarta,budaya,-0.34129982858755326,-0.2053854056479976,-0.43791018704105006,0,0,0,1,0,0
42,Museum Seni Rupa dan Kramik,Jakarta,DKI Jakarta,budaya,-0.29609889159611147,-0.2053854056479976,-0.43791018704105006,0,0,0,1,0,0
43,The Escape Hunt,Jakarta,DKI Jakarta,hiburan,0.6832547432184607,-0.2053854056479976,-0.43791018704105006,0,0,0,0,1,0
44,Monumen Selamat Datang,Jakarta,DKI Jakarta,budaya,-0.3714337865818478,1.2345090692425182,-0.43791018704105006,0,0,0,1,0,0
45,Jakarta Aquarium dan Safari,Jakarta,DKI Jakarta,hiburan,2.415957327890396,0.7545442442790101,-0.43791018704105006,0,0,0,0,1,0
46,Pulau Semak Daun,Jakarta,DKI Jakarta,bahari,0.23124537330404277,-2.1252447055020216,-0.43791018704105006,0,1,0,0,0,0
47,Taman Situ Lembang,Jakarta,DKI Jakarta,hiburan,-0.3714337865818478,0.2745794193155063,-0.43791018704105006,0,0,0,0,1,0
48,Taman Ismail Marzuki,Jakarta,DKI Jakarta,budaya,-0.29609889159611147,0.7545442442790101,-0.43791018704105006,0,0,0,1,0,0
49,Galeri Indonesia Kaya,Jakarta,DKI Jakarta,budaya,-0.3714337865818478,1.7144738942060223,-0.43791018704105006,0,0,0,1,0,0
50,Museum Joang 45,Jakarta,DKI Jakarta,budaya,-0.34129982858755326,-2.1252447055020216,-0.43791018704105006,0,0,0,1,0,0
51,Jakarta Planetarium,Jakarta,DKI Jakarta,hiburan,-0.19063003861608063,-1.6452798805385178,-0.43791018704105006,0,0,0,0,1,0
52,Kampung Cina,Jakarta,DKI Jakarta,budaya,-0.14542910162463885,0.2745794193155063,-0.43791018704105006,0,0,0,1,0,0
53,Rumah Sipitung,Jakarta,DKI Jakarta,budaya,-0.29609889159611147,0.2745794193155063,-0.43791018704105006,0,0,0,1,0,0
54,Taman Agrowisata Cilangkap,Jakarta,DKI Jakarta,hiburan,-0.3714337865818478,-1.1653150555750096,-0.43791018704105006,0,0,0,0,1,0
55,Klenteng Jin De Yuan,Jakarta,DKI Jakarta,religi,-0.3714337865818478,0.2745794193155063,-0.43791018704105006,0,0,0,0,0,1
56,Pantai Ancol,Jakarta,DKI Jakarta,bahari,0.005240688346833808,-0.2053854056479976,-0.43791018704105006,0,1,0,0,0,0
57,Taman Lapangan Banteng,Jakarta,DKI Jakarta,hiburan,-0.3714337865818478,1.2345090692425182,1.619796820883024,0,0,0,0,1,0
58,Taman Ayodya,Jakarta,DKI Jakarta,hiburan,-0.3714337865818478,-0.2053854056479976,1.619796820883024,0,0,0,0,1,0
59,Museum Sumpah Pemuda,Jakarta,DKI Jakarta,budaya,-0.34129982858755326,1.2345090692425182,-0.43791018704105006,0,0,0,1,0,0
60,Museum Tekstil,Jakarta,DKI Jakarta,budaya,-0.29609889159611147,0.2745794193155063,-0.43791018704105006,0,0,0,1,0,0
61,Tugu Proklamasi,Jakarta,DKI Jakarta,budaya,-0.3714337865818478,0.7545442442790101,-0.43791018704105006,0,0,0,1,0,0
62,Taman Legenda Keong Emas,Jakarta,DKI Jakarta,hiburan,0.08057558333257013,0.2745794193155063,-0.43791018704105006,0,0,0,0,1,0
63,Museum Kebangkitan Nasional,Jakarta,DKI Jakarta,budaya,-0.34129982858755326,1.2345090692425182,-0.43791018704105006,0,0,0,1,0,0
64,Museum Sasmita Loka Ahmad Yani,Jakarta,DKI Jakarta,budaya,-0.34129982858755326,1.2345090692425182,-0.43791018704105006,0,0,0,1,0,0
65,Museum Basoeki Abdullah,Jakarta,DKI Jakarta,budaya,-0.3563668075847005,0.7545442442790101,-0.43791018704105006,0,0,0,1,0,0
66,Museum Layang-layang,Jakarta,DKI Jakarta,budaya,-0.22076399661037516,0.2745794193155063,-0.43791018704105006,0,0,0,1,0,0
67,Margasatwa Muara Angke,Jakarta,DKI Jakarta,alam,0.005240688346833808,-1.1653150555750096,-0.43791018704105006,1,0,0,0,0,0
68,Pasar Petak Sembilan,Jakarta,DKI Jakarta,belanja,-0.3714337865818478,-0.2053854056479976,1.619796820883024,0,0,1,0,0,0
69,Freedom Library,Jakarta,DKI Jakarta,budaya,-0.3714337865818478,2.674403544133034,-0.43791018704105006,0,0,0,1,0,0
70,Perpustakaan Nasional,Jakarta,DKI Jakarta,budaya,-0.3714337865818478,1.2345090692425182,-0.43791018704105006,0,0,0,1,0,0
71,Cibubur Garden Diary (Cibugary),Jakarta,DKI Jakarta,alam,0.38191516327551545,0.2745794193155063,-0.43791018704105006,1,0,0,0,0,0
72,Waterboom PIK (Pantai Indah Kapuk),Jakarta,DKI Jakarta,hiburan,4.148659912562332,-0.2053854056479976,-0.43791018704105006,0,0,0,0,1,0
73,Museum Perangko,Jakarta,DKI Jakarta,budaya,-0.29609889159611147,-0.2053854056479976,-0.43791018704105006,0,0,0,1,0,0
74,Museum Tengah Kebun,Jakarta,DKI Jakarta,budaya,-0.3714337865818478,0.7545442442790101,1.619796820883024,0,0,0,1,0,0
75,SnowBay Waterpark,Jakarta,DKI Jakarta,hiburan,2.34062243290466,-0.6853502306115058,-0.43791018704105006,0,0,0,0,1,0
76,Taman Cattleya,Jakarta,DKI Jakarta,hiburan,-0.07009420663890252,0.2745794193155063,-0.43791018704105006,0,0,0,0,1,0
77,Taman Hutan Tebet,Jakarta,DKI Jakarta,hiburan,-0.3714337865818478,-0.2053854056479976,3.677503828807098,0,0,0,0,1,0
78,Hutan Kota Srengseng,Jakarta,DKI Jakarta,hiburan,-0.3563668075847005,-0.6853502306115058,-0.43791018704105006,0,0,0,0,1,0
79,Taman Spathodea,Jakarta,DKI Jakarta,hiburan,-0.3714337865818478,0.7545442442790101,1.619796820883024,0,0,0,0,1,0
80,Plaza Indonesia,Jakarta,DKI Jakarta,belanja,-0.3714337865818478,1.2345090692425182,1.619796820883024,0,0,1,0,0,0
81,Mall Thamrin City,Jakarta,DKI Jakarta,belanja,-0.3714337865818478,-0.2053854056479976,-0.43791018704105006,0,0,1,0,0,0
82,Museum Satria Mandala,Jakarta,DKI Jakarta,budaya,-0.29609889159611147,0.2745794193155063,-0.43791018704105006,0,0,0,1,0,0
83,Alive Museum Ancol,Jakarta,DKI Jakarta,hiburan,2.641962012847605,-0.6853502306115058,-0.43791018704105006,0,0,0,0,1,0
84,Kawasan Kuliner BSM,Jakarta,DKI Jakarta,belanja,-0.3714337865818478,0.7545442442790101,1.619796820883024,0,0,1,0,0,0
85,Taman Pintar Yogyakarta,Yogyakarta,DI Yogyakarta,hiburan,-0.2810319125989642,0.2745794193155063,-0.43791018704105006,0,0,0,0,1,0
86,Keraton Yogyakarta,Yogyakarta,DI Yogyakarta,budaya,-0.14542910162463885,0.7545442442790101,1.619796820883024,0,0,0,1,0,0
87,Sindu Kusuma Edupark (SKE),Yogyakarta,DI Yogyakarta,hiburan,-0.07009420663890252,-1.1653150555750096,-0.43791018704105006,0,0,0,0,1,0
88,Museum Benteng Vredeburg Yogyakarta,Yogyakarta,DI Yogyakarta,budaya,-0.326232849590406,0.7545442442790101,-0.43791018704105006,0,0,0,1,0,0
89,De Mata Museum Jogja,Yogyakarta,DI Yogyakarta,budaya,0.38191516327551545,-0.2053854056479976,-0.43791018704105006,0,0,0,1,0,0
90,Kampung Wisata Taman Sari,Yogyakarta,DI Yogyakarta,hiburan,-0.29609889159611147,0.7545442442790101,-0.43791018704105006,0,0,0,0,1,0
91,Situs Warungboto,Yogyakarta,DI Yogyakarta,hiburan,-0.3714337865818478,-0.2053854056479976,-0.43791018704105006,0,0,0,0,1,0
92,Nol Kilometer Jl.Malioboro,Yogyakarta,DI Yogyakarta,hiburan,-0.3714337865818478,1.2345090692425182,-0.43791018704105006,0,0,0,0,1,0
93,Gembira Loka Zoo,Yogyakarta,DI Yogyakarta,alam,0.5325849532469881,0.2745794193155063,-0.43791018704105006,1,0,0,0,0,0
94,Sumur Gumuling,Yogyakarta,DI Yogyakarta,hiburan,-0.26596493360181694,0.2745794193155063,1.619796820883024,0,0,0,0,1,0
95,Desa Wisata Sungai Code Jogja Kota,Yogyakarta,DI Yogyakarta,hiburan,-0.3714337865818478,2.674403544133034,-0.43791018704105006,0,0,0,0,1,0
96,Alun Alun Selatan Yogyakarta,Yogyakarta,DI Yogyakarta,hiburan,-0.3714337865818478,0.7545442442790101,-0.43791018704105006,0,0,0,0,1,0
97,Monumen Yogya Kembali,Yogyakarta,DI Yogyakarta,budaya,-0.14542910162463885,0.2745794193155063,-0.43791018704105006,0,0,0,1,0,0
98,Taman Pelangi Yogyakarta,Yogyakarta,DI Yogyakarta,hiburan,-0.14542910162463885,-0.6853502306115058,-0.43791018704105006,0,0,0,0,1,0
99,Kampung Wisata Kadipaten,Yogyakarta,DI Yogyakarta,budaya,-0.3714337865818478,-0.2053854056479976,-0.43791018704105006,0,0,0,1,0,0
100,Taman Budaya Yogyakarta,Yogyakarta,DI Yogyakarta,budaya,-0.3714337865818478,0.2745794193155063,-0.43791018704105006,0,0,0,1,0,0
101,Kampung Wisata Sosro Menduran,Yogyakarta,DI Yogyakarta,budaya,-0.3714337865818478,-2.1252447055020216,1.619796820883024,0,0,0,1,0,0
102,Monumen Batik Yogyakarta,Yogyakarta,DI Yogyakarta,budaya,0.23124537330404277,0.2745794193155063,-0.43791018704105006,0,0,0,1,0,0
103,Tugu Pal Putih Jogja,Yogyakarta,DI Yogyakarta,hiburan,-0.3714337865818478,1.2345090692425182,-0.43791018704105006,0,0,0,0,1,0
104,Tebing Breksi,Yogyakarta,DI Yogyakarta,budaya,-0.07009420663890252,-0.2053854056479976,-0.43791018704105006,0,0,0,1,0,0
105,Candi Donotirto,Yogyakarta,DI Yogyakarta,budaya,-0.3714337865818478,-0.2053854056479976,1.619796820883024,0,0,0,1,0,0
106,Kawasan Malioboro,Yogyakarta,DI Yogyakarta,hiburan,-0.3714337865818478,1.7144738942060223,-0.43791018704105006,0,0,0,0,1,0
107,Bangsal Pagelaran,Yogyakarta,DI Yogyakarta,budaya,-0.29609889159611147,0.7545442442790101,-0.43791018704105006,0,0,0,1,0,0
108,Embung Tambakboyo,Yogyakarta,DI Yogyakarta,hiburan,-0.3714337865818478,-0.2053854056479976,-0.43791018704105006,0,0,0,0,1,0
109,Hutan Pinus Pengger,Yogyakarta,DI Yogyakarta,hiburan,-0.326232849590406,0.2745794193155063,-0.43791018704105006,0,0,0,0,1,0
110,Monumen Serangan Umum 1 Maret,Yogyakarta,DI Yogyakarta,hiburan,-0.326232849590406,0.7545442442790101,-0.43791018704105006,0,0,0,0,1,0
111,Puncak Pinus Becici,Yogyakarta,DI Yogyakarta,hiburan,-0.326232849590406,0.2745794193155063,-0.43791018704105006,0,0,0,0,1,0
112,Bukit Bintang Yogyakarta,Yogyakarta,DI Yogyakarta,hiburan,0.005240688346833808,0.2745794193155063,-0.43791018704105006,0,0,0,0,1,0
113,Gedung Agung Yogyakarta,Yogyakarta,DI Yogyakarta,budaya,-0.3714337865818478,0.7545442442790101,-0.43791018704105006,0,0,0,1,0,0
114,The Lost World Castle,Yogyakarta,DI Yogyakarta,hiburan,0.08057558333257013,-0.6853502306115058,1.619796820883024,0,0,0,0,1,0
115,Monumen Sanapati,Yogyakarta,DI Yogyakarta,budaya,-0.14542910162463885,-0.6853502306115058,1.619796820883024,0,0,0,1,0,0
116,Jurang Tembelan Kanigoro,Yogyakarta,DI Yogyakarta,hiburan,-0.3337663390889796,0.2745794193155063,-0.43791018704105006,0,0,0,0,1,0
117,The World Landmarks - Merapi Park Yogyakarta,Yogyakarta,DI Yogyakarta,hiburan,-0.03996024864460799,-1.1653150555750096,-0.43791018704105006,0,0,0,0,1,0
118,Museum Sonobudoyo Unit I,Yogyakarta,DI Yogyakarta,budaya,-0.29609889159611147,0.7545442442790101,-0.43791018704105006,0,0,0,1,0,0
119,Lava Bantal,Yogyakarta,DI Yogyakarta,budaya,-0.29609889159611147,-0.2053854056479976,-0.43791018704105006,0,0,0,1,0,0
120,Bukit Panguk Kediwung,Yogyakarta,DI Yogyakarta,budaya,3.395310962704968,0.2745794193155063,-0.43791018704105006,0,0,0,1,0,0
121,Candi Prambanan,Yogyakarta,DI Yogyakarta,budaya,0.38191516327551545,1.2345090692425182,-0.43791018704105006,0,0,0,1,0,0
122,Watu Goyang,Yogyakarta,DI Yogyakarta,budaya,-0.3337663390889796,-0.2053854056479976,-0.43791018704105006,0,0,0,1,0,0
123,Kampung Wisata Rejowinangun,Yogyakarta,DI Yogyakarta,budaya,-0.3714337865818478,-0.6853502306115058,-0.43791018704105006,0,0,0,1,0,0
124,Kauman Pakualaman Yogyakarta,Yogyakarta,DI Yogyakarta,budaya,-0.3714337865818478,2.674403544133034,-0.43791018704105006,0,0,0,1,0,0
125,Alun-alun Utara Keraton Yogyakarta,Yogyakarta,DI Yogyakarta,budaya,-0.3714337865818478,0.7545442442790101,-0.43791018704105006,0,0,0,1,0,0
126,Pantai Goa Cemara,Yogyakarta,DI Yogyakarta,bahari,-0.31116587059325873,-0.6853502306115058,-0.43791018704105006,0,1,0,0,0,0
127,Blue Lagoon Jogja,Yogyakarta,DI Yogyakarta,hiburan,-0.22076399661037516,-0.6853502306115058,-0.43791018704105006,0,0,0,0,1,0
128,Gumuk Pasir Parangkusumo,Yogyakarta,DI Yogyakarta,hiburan,-0.3714337865818478,0.2745794193155063,-0.43791018704105006,0,0,0,0,1,0
129,Bukit Lintang Sewu,Yogyakarta,DI Yogyakarta,hiburan,-0.34129982858755326,0.2745794193155063,-0.43791018704105006,0,0,0,0,1,0
130,Studio Alam Gamplong,Yogyakarta,DI Yogyakarta,hiburan,-0.22076399661037516,-0.2053854056479976,-0.43791018704105006,0,0,0,0,1,0
131,Watu Lumbung,Yogyakarta,DI Yogyakarta,alam,-0.29609889159611147,-0.6853502306115058,-0.43791018704105006,1,0,0,0,0,0
132,Air Terjun Kedung Pedut,Yogyakarta,DI Yogyakarta,alam,-0.07009420663890252,0.2745794193155063,-0.43791018704105006,1,0,0,0,0,0
133,Puncak Kebun Buah Mangunan,Yogyakarta,DI Yogyakarta,hiburan,-0.29609889159611147,0.7545442442790101,-0.43791018704105006,0,0,0,0,1,0
134,Desa Wisata Gamplong,Yogyakarta,DI Yogyakarta,hiburan,-0.22076399661037516,-0.2053854056479976,-0.43791018704105006,0,0,0,0,1,0
135,Kawasan Wisata Sosrowijayan,Yogyakarta,DI Yogyakarta,belanja,-0.3714337865818478,-2.1252447055020216,-0.43791018704105006,0,0,1,0,0,0
136,Grojogan Watu Purbo Bangunrejo,Yogyakarta,DI Yogyakarta,hiburan,-0.22076399661037516,0.2745794193155063,-0.43791018704105006,0,0,0,0,1,0
137,Wisata Alam Kalibiru,Yogyakarta,DI Yogyakarta,alam,-0.07009420663890252,-0.2053854056479976,-0.43791018704105006,1,0,0,0,0,0
138,Jogja Exotarium,Yogyakarta,DI Yogyakarta,hiburan,-0.07009420663890252,-0.2053854056479976,-0.43791018704105006,0,0,0,0,1,0
139,Puncak Gunung Api Purba - Nglanggeran,Yogyakarta,DI Yogyakarta,alam,-0.22076399661037516,1.2345090692425182,-0.43791018704105006,1,0,0,0,0,0
140,Bendung Lepen,Yogyakarta,DI Yogyakarta,hiburan,-0.3714337865818478,0.7545442442790101,-0.43791018704105006,0,0,0,0,1,0
141,Bunker Kaliadem Merapi,Yogyakarta,DI Yogyakarta,alam,-0.326232849590406,0.2745794193155063,-0.43791018704105006,1,0,0,0,0,0
142,Ledok Sambi,Yogyakarta,DI Yogyakarta,alam,-0.3714337865818478,0.7545442442790101,-0.43791018704105006,1,0,0,0,0,0
143,Seribu Batu Songgo Langit,Yogyakarta,DI Yogyakarta,alam,-0.34129982858755326,0.7545442442790101,-0.43791018704105006,1,0,0,0,0,0
144,Goa Jomblang,Yogyakarta,DI Yogyakarta,alam,7.162055711991785,0.7545442442790101,-0.43791018704105006,1,0,0,0,0,0
145,Desa Wisata Rumah Domes/Teletubbies,Yogyakarta,DI Yogyakarta,hiburan,-0.29609889159611147,-1.6452798805385178,7.792917844655246,0,0,0,0,1,0
146,Bukit Wisata Pulepayung,Yogyakarta,DI Yogyakarta,alam,-0.22076399661037516,0.2745794193155063,-0.43791018704105006,1,0,0,0,0,0
147,Bentara Budaya Yogyakarta (BBY),Yogyakarta,DI Yogyakarta,budaya,-0.3714337865818478,0.2745794193155063,-0.43791018704105006,0,0,0,1,0,0
148,Goa Rancang Kencono,Yogyakarta,DI Yogyakarta,alam,-0.29609889159611147,-0.6853502306115058,-0.43791018704105006,1,0,0,0,0,0
149,Goa Cerme,Yogyakarta,DI Yogyakarta,alam,-0.326232849590406,-0.2053854056479976,1.619796820883024,1,0,0,0,0,0
150,Wisata Kraton Jogja,Yogyakarta,DI Yogyakarta,budaya,-0.26596493360181694,1.2345090692425182,1.619796820883024,0,0,0,1,0,0
151,Desa Wisata Kelor,Yogyakarta,DI Yogyakarta,hiburan,-0.3714337865818478,-0.2053854056479976,-0.43791018704105006,0,0,0,0,1,0
152,Pantai Patihan,Yogyakarta,DI Yogyakarta,bahari,-0.29609889159611147,-1.6452798805385178,-0.43791018704105006,0,1,0,0,0,0
153,Pantai Kukup,Yogyakarta,DI Yogyakarta,bahari,-0.22076399661037516,-2.1252447055020216,-0.43791018704105006,0,1,0,0,0,0
154,Pantai Ngrawe (Mesra),Yogyakarta,DI Yogyakarta,bahari,-0.22076399661037516,0.2745794193155063,-0.43791018704105006,0,1,0,0,0,0
155,Pantai Ngobaran,Yogyakarta,DI Yogyakarta,bahari,-0.29609889159611147,0.7545442442790101,-0.43791018704105006,0,1,0,0,0,0
156,Pantai Pulang Sawal,Yogyakarta,DI Yogyakarta,bahari,-0.22076399661037516,0.2745794193155063,-0.43791018704105006,0,1,0,0,0,0
157,Pantai Baron,Yogyakarta,DI Yogyakarta,bahari,-0.22076399661037516,-0.2053854056479976,-0.43791018704105006,0,1,0,0,0,0
158,Pantai Pok Tunggal,Yogyakarta,DI Yogyakarta,bahari,-0.22076399661037516,0.2745794193155063,-0.43791018704105006,0,1,0,0,0,0
159,Hutan Pinus Asri,Yogyakarta,DI Yogyakarta,alam,-0.3337663390889796,0.2745794193155063,-0.43791018704105006,1,0,0,0,0,0
160,Pasar Kebon Empring Bintaran,Yogyakarta,DI Yogyakarta,belanja,-0.3714337865818478,-0.2053854056479976,1.619796820883024,0,0,1,0,0,0
161,"Bukit Paralayang, Watugupit",Yogyakarta,DI Yogyakarta,alam,-0.29609889159611147,1.2345090692425182,1.619796820883024,1,0,0,0,0,0
162,Kampung Wisata Dipowinatan,Yogyakarta,DI Yogyakarta,budaya,2.9433015927905504,0.2745794193155063,1.619796820883024,0,0,0,1,0,0
163,Watu Mabur Mangunan,Yogyakarta,DI Yogyakarta,alam,-0.3337663390889796,0.2745794193155063,-0.43791018704105006,1,0,0,0,0,0
164,Pintoe Langit Dahromo,Yogyakarta,DI Yogyakarta,alam,-0.3337663390889796,-0.2053854056479976,-0.43791018704105006,1,0,0,0,0,0
165,Green Village Gedangsari,Yogyakarta,DI Yogyakarta,hiburan,-0.34129982858755326,-1.1653150555750096,-0.43791018704105006,0,0,0,0,1,0
166,Kebun Teh Nglinggo,Yogyakarta,DI Yogyakarta,alam,-0.2810319125989642,0.2745794193155063,-0.43791018704105006,1,0,0,0,0,0
167,Geoforest Watu Payung Turunan,Yogyakarta,DI Yogyakarta,alam,-0.3714337865818478,0.2745794193155063,-0.43791018704105006,1,0,0,0,0,0
168,Pantai Timang,Yogyakarta,DI Yogyakarta,bahari,-0.22076399661037516,1.2345090692425182,-0.43791018704105006,0,1,0,0,0,0
169,Puncak Segoro,Yogyakarta,DI Yogyakarta,alam,-0.29609889159611147,-1.1653150555750096,-0.43791018704105006,1,0,0,0,0,0
170,Candi Borobudur,Yogyakarta,DI Yogyakarta,budaya,0.38191516327551545,1.2345090692425182,-0.43791018704105006,0,0,0,1,0,0
171,Candi Ijo,Yogyakarta,DI Yogyakarta,budaya,-0.29609889159611147,0.7545442442790101,-0.43791018704105006,0,0,0,1,0,0
172,Pantai Indrayanti,Yogyakarta,DI Yogyakarta,bahari,-0.22076399661037516,0.2745794193155063,-0.43791018704105006,0,1,0,0,0,0
173,Pantai Nglambor,Yogyakarta,DI Yogyakarta,bahari,-0.22076399661037516,-0.2053854056479976,-0.43791018704105006,0,1,0,0,0,0
174,Pasar Beringharjo,Yogyakarta,DI Yogyakarta,belanja,-0.3714337865818478,0.2745794193155063,-0.43791018704105006,0,0,1,0,0,0
175,Museum Ullen Sentalu,Yogyakarta,DI Yogyakarta,budaya,1.1352641131328784,1.2345090692425182,-0.43791018704105006,0,0,0,1,0,0
176,Museum Gunung Merapi,Yogyakarta,DI Yogyakarta,budaya,-0.22076399661037516,-0.2053854056479976,3.677503828807098,0,0,0,1,0,0
177,Pantai Parangtritis,Yogyakarta,DI Yogyakarta,bahari,-0.22076399661037516,0.2745794193155063,-0.43791018704105006,0,1,0,0,0,0
178,Goa Pindul,Yogyakarta,DI Yogyakarta,alam,0.23124537330404277,0.2745794193155063,-0.43791018704105006,1,0,0,0,0,0
179,Candi Ratu Boko,Yogyakarta,DI Yogyakarta,budaya,0.758589638204197,0.7545442442790101,-0.43791018704105006,0,0,0,1,0,0
180,Pantai Depok Jogja,Yogyakarta,DI Yogyakarta,bahari,-0.22076399661037516,-0.6853502306115058,-0.43791018704105006,0,1,0,0,0,0
181,Pantai Sundak,Yogyakarta,DI Yogyakarta,bahari,-0.29609889159611147,0.2745794193155063,-0.43791018704105006,0,1,0,0,0,0
182,Hutan Mangrove Kulon Progo,Yogyakarta,DI Yogyakarta,bahari,-0.29609889159611147,-1.6452798805385178,-0.43791018704105006,0,1,0,0,0,0
183,Jogja Bay Pirates Adventure Waterpark,Yogyakarta,DI Yogyakarta,hiburan,1.8886130629902418,-0.2053854056479976,-0.43791018704105006,0,0,0,0,1,0
184,Pantai Sepanjang,Yogyakarta,DI Yogyakarta,bahari,-0.22076399661037516,-0.2053854056479976,-0.43791018704105006,0,1,0,0,0,0
185,Pantai Krakal,Yogyakarta,DI Yogyakarta,bahari,-0.22076399661037516,0.2745794193155063,1.619796820883024,0,1,0,0,0,0
186,Pantai Glagah,Yogyakarta,DI Yogyakarta,bahari,-0.29609889159611147,-0.2053854056479976,-0.43791018704105006,0,1,0,0,0,0
187,Pantai Siung,Yogyakarta,DI Yogyakarta,bahari,-0.22076399661037516,0.7545442442790101,-0.43791018704105006,0,1,0,0,0,0
188,Pantai Sadranan,Yogyakarta,DI Yogyakarta,bahari,-0.22076399661037516,0.7545442442790101,-0.43791018704105006,0,1,0,0,0,0
189,Pantai Nguluran,Yogyakarta,DI Yogyakarta,bahari,-0.22076399661037516,-1.6452798805385178,-0.43791018704105006,0,1,0,0,0,0
190,Pantai Samas,Yogyakarta,DI Yogyakarta,bahari,-0.31116587059325873,-2.1252447055020216,-0.43791018704105006,0,1,0,0,0,0
191,Pantai Drini,Yogyakarta,DI Yogyakarta,bahari,-0.22076399661037516,0.2745794193155063,-0.43791018704105006,0,1,0,0,0,0
192,Air Terjun Sri Gethuk,Yogyakarta,DI Yogyakarta,alam,-0.14542910162463885,-0.2053854056479976,-0.43791018704105006,1,0,0,0,0,0
193,Candi Sewu,Yogyakarta,DI Yogyakarta,budaya,0.38191516327551545,0.7545442442790101,-0.43791018704105006,0,0,0,1,0,0
194,Pantai Wediombo,Yogyakarta,DI Yogyakarta,bahari,-0.29609889159611147,0.2745794193155063,-0.43791018704105006,0,1,0,0,0,0
195,Pantai Jogan,Yogyakarta,DI Yogyakarta,bahari,-0.29609889159611147,-0.2053854056479976,-0.43791018704105006,0,1,0,0,0,0
196,Pantai Ngrenehan,Yogyakarta,DI Yogyakarta,bahari,-0.326232849590406,-0.2053854056479976,-0.43791018704105006,0,1,0,0,0,0
197,Pantai Jungwok,Yogyakarta,DI Yogyakarta,bahari,-0.29609889159611147,0.7545442442790101,-0.43791018704105006,0,1,0,0,0,0
198,Pantai Greweng,Yogyakarta,DI Yogyakarta,bahari,-0.29609889159611147,0.7545442442790101,-0.43791018704105006,0,1,0,0,0,0
199,Pantai Sedahan,Yogyakarta,DI Yogyakarta,bahari,-0.29609889159611147,0.2745794193155063,-0.43791018704105006,0,1,0,0,0,0
200,Pantai Watu Kodok,Yogyakarta,DI Yogyakarta,bahari,-0.29609889159611147,0.7545442442790101,-0.43791018704105006,0,1,0,0,0,0
201,Pantai Kesirat,Yogyakarta,DI Yogyakarta,bahari,-0.29609889159611147,0.7545442442790101,-0.43791018704105006,0,1,0,0,0,0
202,Pantai Ngandong,Yogyakarta,DI Yogyakarta,bahari,-0.22076399661037516,0.2745794193155063,-0.43791018704105006,0,1,0,0,0,0
203,Galaxy Waterpark Jogja,Yogyakarta,DI Yogyakarta,hiburan,0.23124537330404277,-0.6853502306115058,-0.43791018704105006,0,0,0,0,1,0
204,Desa Wisata Pulesari,Yogyakarta,DI Yogyakarta,hiburan,-0.3714337865818478,-0.2053854056479976,1.619796820883024,0,0,0,0,1,0
205,Desa Wisata Tembi,Yogyakarta,DI Yogyakarta,hiburan,0.38191516327551545,0.2745794193155063,-0.43791018704105006,0,0,0,0,1,0
206,Wisata Kaliurang,Yogyakarta,DI Yogyakarta,alam,-0.2508979546046697,-0.2053854056479976,-0.43791018704105006,1,0,0,0,0,0
207,Heha Sky View,Yogyakarta,DI Yogyakarta,hiburan,-0.14542910162463885,-0.2053854056479976,-0.43791018704105006,0,0,0,0,1,0
208,Taman Sungai Mudal,Yogyakarta,DI Yogyakarta,alam,-0.22076399661037516,0.7545442442790101,-0.43791018704105006,1,0,0,0,0,0
209,Pantai Sanglen,Yogyakarta,DI Yogyakarta,bahari,-0.22076399661037516,0.2745794193155063,-0.43791018704105006,0,1,0,0,0,0
210,Pantai Congot,Yogyakarta,DI Yogyakarta,bahari,-0.326232849590406,-0.6853502306115058,-0.43791018704105006,0,1,0,0,0,0
211,GunungTangkuban perahu,Bandung,Jawa Barat,alam,0.08057558333257013,0.2745794193155063,-0.43791018704105006,1,0,0,0,0,0
212,Jalan Braga,Bandung,Jawa Barat,budaya,-0.3714337865818478,1.2345090692425182,-0.43791018704105006,0,0,0,1,0,0
213,Gedung Sate,Bandung,Jawa Barat,budaya,-0.29609889159611147,0.7545442442790101,1.619796820883024,0,0,0,1,0,0
214,Trans Studio Bandung,Bandung,Jawa Barat,hiburan,3.847320332619386,0.2745794193155063,-0.43791018704105006,0,0,0,0,1,0
215,Taman Hutan Raya Ir. H. Djuanda,Bandung,Jawa Barat,alam,-0.14542910162463885,0.2745794193155063,-0.43791018704105006,1,0,0,0,0,0
216,Farm House Susu Lembang,Bandung,Jawa Barat,hiburan,0.08057558333257013,-0.2053854056479976,-0.43791018704105006,0,0,0,0,1,0
217,Kebun Binatang Bandung,Bandung,Jawa Barat,alam,-0.07009420663890252,-2.1252447055020216,-0.43791018704105006,1,0,0,0,0,0
218,Kawah Putih,Bandung,Jawa Barat,alam,0.8489915121870806,0.2745794193155063,-0.43791018704105006,1,0,0,0,0,0
219,Tebing Karaton,Bandung,Jawa Barat,alam,-0.14542910162463885,0.2745794193155063,-0.43791018704105006,1,0,0,0,0,0
220,Dusun Bambu,Bandung,Jawa Barat,hiburan,0.005240688346833808,0.2745794193155063,1.619796820883024,0,0,0,0,1,0
221,Museum Geologi Bandung,Bandung,Jawa Barat,budaya,-0.34129982858755326,0.7545442442790101,-0.43791018704105006,0,0,0,1,0,0
222,Museum Konferensi Asia Afrika,Bandung,Jawa Barat,budaya,-0.3714337865818478,0.7545442442790101,-0.43791018704105006,0,0,0,1,0,0
223,Masjid Raya Bandung,Bandung,Jawa Barat,religi,-0.3714337865818478,1.2345090692425182,1.619796820883024,0,0,0,0,0,1
224,Dago Dreampark,Bandung,Jawa Barat,hiburan,0.23124537330404277,-1.1653150555750096,-0.43791018704105006,0,0,0,0,1,0
225,Orchid Forest Cikole,Bandung,Jawa Barat,hiburan,0.38191516327551545,0.7545442442790101,-0.43791018704105006,0,0,0,0,1,0
226,Kawasan Punclut,Bandung,Jawa Barat,hiburan,-0.07009420663890252,-0.2053854056479976,-0.43791018704105006,0,0,0,0,1,0
227,Alun-Alun Kota Bandung,Bandung,Jawa Barat,hiburan,-0.3714337865818478,0.7545442442790101,-0.43791018704105006,0,0,0,0,1,0
228,Museum Sri Baduga,Bandung,Jawa Barat,budaya,-0.326232849590406,0.2745794193155063,-0.43791018704105006,0,0,0,1,0,0
229,Rabbit Town,Bandung,Jawa Barat,hiburan,0.3065802682897791,-2.1252447055020216,-0.43791018704105006,0,0,0,0,1,0
230,Stone Garden Citatah,Bandung,Jawa Barat,hiburan,0.08057558333257013,-0.2053854056479976,-0.43791018704105006,0,0,0,0,1,0
231,The Great Asia Africa,Bandung,Jawa Barat,hiburan,0.38191516327551545,-0.2053854056479976,1.619796820883024,0,0,0,0,1,0
232,Bukit Moko,Bandung,Jawa Barat,alam,0.005240688346833808,0.2745794193155063,1.619796820883024,1,0,0,0,0,0
233,Gunung Papandayan,Bandung,Jawa Barat,alam,0.08057558333257013,0.7545442442790101,-0.43791018704105006,1,0,0,0,0,0
234,Amazing Art World,Bandung,Jawa Barat,budaya,0.758589638204197,0.2745794193155063,-0.43791018704105006,0,0,0,1,0,0
235,Gua Belanda,Bandung,Jawa Barat,alam,-0.14542910162463885,-0.2053854056479976,-0.43791018704105006,1,0,0,0,0,0
236,Taman Balai Kota Bandung,Bandung,Jawa Barat,hiburan,-0.3714337865818478,0.7545442442790101,-0.43791018704105006,0,0,0,0,1,0
237,Panghegar Waterboom Bandung,Bandung,Jawa Barat,hiburan,0.758589638204197,-0.6853502306115058,-0.43791018704105006,0,0,0,0,1,0
238,Gunung Manglayang,Bandung,Jawa Barat,alam,-0.2584314441032433,0.2745794193155063,-0.43791018704105006,1,0,0,0,0,0
239,Lembang Park & Zoo,Bandung,Jawa Barat,alam,0.38191516327551545,0.2745794193155063,-0.43791018704105006,1,0,0,0,0,0
240,Taman Lalu Lintas Ade Irma Suryani Nasution,Bandung,Jawa Barat,hiburan,-0.26596493360181694,-0.2053854056479976,-0.43791018704105006,0,0,0,0,1,0
241,Lawangwangi Creative Space,Bandung,Jawa Barat,hiburan,-0.3714337865818478,-0.2053854056479976,1.619796820883024,0,0,0,0,1,0
242,Curug Dago,Bandung,Jawa Barat,alam,-0.19063003861608063,-2.1252447055020216,-0.43791018704105006,1,0,0,0,0,0
243,Kampung Korea Bandung,Bandung,Jawa Barat,budaya,-0.14542910162463885,-1.6452798805385178,-0.43791018704105006,0,0,0,1,0,0
244,Kampung Batu Malakasari,Bandung,Jawa Barat,hiburan,-0.22076399661037516,-1.6452798805385178,1.619796820883024,0,0,0,0,1,0
245,Jendela Alam,Bandung,Jawa Barat,hiburan,-0.07009420663890252,-0.2053854056479976,-0.43791018704105006,0,0,0,0,1,0
246,Curug Tilu Leuwi Opat,Bandung,Jawa Barat,alam,-0.22076399661037516,-0.2053854056479976,-0.43791018704105006,1,0,0,0,0,0
247,Kiara Artha Park,Bandung,Jawa Barat,hiburan,-0.14542910162463885,-0.2053854056479976,-0.43791018704105006,0,0,0,0,1,0
248,NuArt Sculpture Park,Bandung,Jawa Barat,hiburan,0.38191516327551545,1.2345090692425182,-0.43791018704105006,0,0,0,0,1,0
249,Upside Down World Bandung,Bandung,Jawa Barat,hiburan,1.1352641131328784,-2.1252447055020216,1.619796820883024,0,0,0,0,1,0
250,Pesona Nirwana Waterpark & Cottages,Bandung,Jawa Barat,hiburan,0.38191516327551545,-1.6452798805385178,-0.43791018704105006,0,0,0,0,1,0
251,Taman Lansia,Bandung,Jawa Barat,hiburan,-0.3714337865818478,-0.2053854056479976,-0.43791018704105006,0,0,0,0,1,0
252,Kampoeng Tulip,Bandung,Jawa Barat,hiburan,-0.14542910162463885,-3.0851743554290336,-0.43791018704105006,0,0,0,0,1,0
253,Selasar Sunaryo Art Space,Bandung,Jawa Barat,hiburan,0.005240688346833808,0.7545442442790101,-0.43791018704105006,0,0,0,0,1,0
254,Teras Cikapundung BBWS,Bandung,Jawa Barat,hiburan,-0.3714337865818478,-0.6853502306115058,1.619796820883024,0,0,0,0,1,0
255,Museum Barli,Bandung,Jawa Barat,budaya,-0.14542910162463885,-0.2053854056479976,-0.43791018704105006,0,0,0,1,0,0
256,Wisata Batu Kuda,Bandung,Jawa Barat,alam,-0.22076399661037516,-0.2053854056479976,-0.43791018704105006,1,0,0,0,0,0
257,Monumen Bandung Lautan Api,Bandung,Jawa Barat,budaya,-0.3714337865818478,-0.6853502306115058,-0.43791018704105006,0,0,0,1,0,0
258,Museum Gedung Sate,Bandung,Jawa Barat,budaya,-0.29609889159611147,0.7545442442790101,-0.43791018704105006,0,0,0,1,0,0
259,Monumen Perjuangan Rakyat Jawa Barat,Bandung,Jawa Barat,budaya,-0.3714337865818478,0.2745794193155063,-0.43791018704105006,0,0,0,1,0,0
260,Museum Pos Indonesia,Bandung,Jawa Barat,budaya,-0.3714337865818478,0.2745794193155063,-0.43791018704105006,0,0,0,1,0,0
261,Ciwangun Indah Camp Official,Bandung,Jawa Barat,alam,-0.22076399661037516,-0.6853502306115058,-0.43791018704105006,1,0,0,0,0,0
262,Wot Batu,Bandung,Jawa Barat,alam,0.38191516327551545,1.2345090692425182,-0.43791018704105006,1,0,0,0,0,0
263,Curug Batu Templek,Bandung,Jawa Barat,alam,-0.29609889159611147,-1.6452798805385178,-0.43791018704105006,1,0,0,0,0,0
264,Gereja Katedral Santo Petrus Bandung,Bandung,Jawa Barat,religi,-0.3714337865818478,1.7144738942060223,1.619796820883024,0,0,0,0,0,1
265,Museum Mandala Wangsit Siliwangi,Bandung,Jawa Barat,budaya,-0.3714337865818478,-0.2053854056479976,-0.43791018704105006,0,0,0,1,0,0
266,Caringin Tilu,Bandung,Jawa Barat,alam,-0.3714337865818478,-0.2053854056479976,1.619796820883024,1,0,0,0,0,0
267,Panama Park 825,Bandung,Jawa Barat,hiburan,0.38191516327551545,-0.2053854056479976,-0.43791018704105006,0,0,0,0,1,0
268,Sudut Pandang Bandung,Bandung,Jawa Barat,hiburan,0.38191516327551545,0.7545442442790101,1.619796820883024,0,0,0,0,1,0
269,Bumi Perkemahan Batu Kuda,Bandung,Jawa Barat,alam,-0.2584314441032433,0.2745794193155063,-0.43791018704105006,1,0,0,0,0,0
270,Bukit Bintang,Bandung,Jawa Barat,alam,0.005240688346833808,0.7545442442790101,1.619796820883024,1,0,0,0,0,0
271,Taman Vanda,Bandung,Jawa Barat,hiburan,-0.3714337865818478,-0.6853502306115058,-0.43791018704105006,0,0,0,0,1,0
272,Taman Budaya Jawa Barat,Bandung,Jawa Barat,budaya,-0.3714337865818478,-0.6853502306115058,-0.43791018704105006,0,0,0,1,0,0
273,Curug Bugbrug,Bandung,Jawa Barat,alam,-0.2584314441032433,-0.6853502306115058,-0.43791018704105006,1,0,0,0,0,0
274,Babakan Siliwangi City Forest Path Bandung,Bandung,Jawa Barat,alam,-0.3714337865818478,0.7545442442790101,-0.43791018704105006,1,0,0,0,0,0
275,Curug Cipanas,Bandung,Jawa Barat,alam,-0.07009420663890252,-2.605209530465528,-0.43791018704105006,1,0,0,0,0,0
276,Taman Jomblo,Bandung,Jawa Barat,hiburan,-0.22076399661037516,-1.6452798805385178,-0.43791018704105006,0,0,0,0,1,0
277,Peta Park,Bandung,Jawa Barat,hiburan,-0.14542910162463885,-0.6853502306115058,-0.43791018704105006,0,0,0,0,1,0
278,Masjid Daarut Tauhiid Bandung,Bandung,Jawa Barat,religi,-0.3714337865818478,2.1944387191695305,5.735210836731173,0,0,0,0,0,1
279,Masjid Agung Trans Studio Bandung,Bandung,Jawa Barat,religi,-0.3714337865818478,1.7144738942060223,1.619796820883024,0,0,0,0,0,1
280,Gereja Tiberias Indonesia Bandung,Bandung,Jawa Barat,religi,-0.3714337865818478,2.1944387191695305,1.619796820883024,0,0,0,0,0,1
281,Tektona Waterpark,Bandung,Jawa Barat,hiburan,0.5325849532469881,-3.0851743554290336,1.619796820883024,0,0,0,0,1,0
282,Curug Cilengkrang,Bandung,Jawa Barat,alam,-0.2584314441032433,-2.1252447055020216,-0.43791018704105006,1,0,0,0,0,0
283,Jembatan Pasupati,Bandung,Jawa Barat,hiburan,-0.3714337865818478,0.7545442442790101,-0.43791018704105006,0,0,0,0,1,0
284,Pasar Baru,Bandung,Jawa Barat,belanja,-0.3714337865818478,-0.6853502306115058,1.619796820883024,0,0,1,0,0,0
285,Taman Sejarah Bandung,Bandung,Jawa Barat,budaya,-0.3714337865818478,0.7545442442790101,-0.43791018704105006,0,0,0,1,0,0
286,Roemah Seni Sarasvati,Bandung,Jawa Barat,budaya,-0.3714337865818478,-0.2053854056479976,-0.43791018704105006,0,0,0,1,0,0
287,Puspa Iptek Sundial,Bandung,Jawa Barat,hiburan,0.005240688346833808,-0.2053854056479976,-0.43791018704105006,0,0,0,0,1,0
288,Masjid Salman ITB,Bandung,Jawa Barat,religi,-0.3714337865818478,1.7144738942060223,1.619796820883024,0,0,0,0,0,1
289,Curug Aseupan,Bandung,Jawa Barat,alam,-0.22076399661037516,1.2345090692425182,-0.43791018704105006,1,0,0,0,0,0
290,Museum Pendidikan Nasional,Bandung,Jawa Barat,budaya,-0.29609889159611147,0.7545442442790101,-0.43791018704105006,0,0,0,1,0,0
291,Water Park Bandung Indah,Bandung,Jawa Barat,hiburan,0.38191516327551545,-2.1252447055020216,-0.43791018704105006,0,0,0,0,1,0
292,Curug Anom,Bandung,Jawa Barat,alam,-0.3714337865818478,0.7545442442790101,-0.43791018704105006,1,0,0,0,0,0
293,Taman Badak,Bandung,Jawa Barat,hiburan,-0.3714337865818478,0.2745794193155063,-0.43791018704105006,0,0,0,0,1,0
294,Taman Film,Bandung,Jawa Barat,budaya,-0.3714337865818478,-0.6853502306115058,-0.43791018704105006,0,0,0,1,0,0
295,Museum Nike Ardilla,Bandung,Jawa Barat,budaya,-0.3714337865818478,0.7545442442790101,1.619796820883024,0,0,0,1,0,0
296,Batununggal Indah Club,Bandung,Jawa Barat,hiburan,0.6832547432184607,-0.2053854056479976,-0.43791018704105006,0,0,0,0,1,0
297,Mountain View Golf Club,Bandung,Jawa Barat,alam,5.278683337348377,-0.2053854056479976,1.619796820883024,1,0,0,0,0,0
298,Gunung Lalakon,Bandung,Jawa Barat,alam,-0.3714337865818478,1.7144738942060223,1.619796820883024,1,0,0,0,0,0
299,Sendang Geulis Kahuripan,Bandung,Jawa Barat,alam,-0.22076399661037516,-0.6853502306115058,-0.43791018704105006,1,0,0,0,0,0
300,Sanghyang Heuleut,Bandung,Jawa Barat,alam,-0.22076399661037516,-0.2053854056479976,-0.43791018704105006,1,0,0,0,0,0
301,Lereng Anteng Panoramic Coffee Place,Bandung,Jawa Barat,alam,0.38191516327551545,-0.2053854056479976,1.619796820883024,1,0,0,0,0,0
302,Masjid Pusdai,Bandung,Jawa Barat,religi,-0.3714337865818478,1.2345090692425182,1.619796820883024,0,0,0,0,0,1
303,Masjid Al-Imtizaj,Bandung,Jawa Barat,religi,-0.3714337865818478,1.2345090692425182,1.619796820883024,0,0,0,0,0,1
304,Situ Cileunca,Bandung,Jawa Barat,alam,-0.3337663390889796,-0.2053854056479976,-0.43791018704105006,1,0,0,0,0,0
305,Sunrise Point Cukul,Bandung,Jawa Barat,alam,-0.22076399661037516,0.7545442442790101,-0.43791018704105006,1,0,0,0,0,0
306,Sungai Palayangan,Bandung,Jawa Barat,alam,1.8886130629902418,0.7545442442790101,-0.43791018704105006,1,0,0,0,0,0
307,Perkebunan Teh Malabar,Bandung,Jawa Barat,alam,-0.29609889159611147,-0.2053854056479976,-0.43791018704105006,1,0,0,0,0,0
308,Pemandian Air Panas Ciater,Bandung,Jawa Barat,alam,-0.14542910162463885,-0.6853502306115058,-0.43791018704105006,1,0,0,0,0,0
309,Observatorium Bosscha,Bandung,Jawa Barat,alam,0.005240688346833808,0.2745794193155063,-0.43791018704105006,1,0,0,0,0,0
310,Taman Bunga Cihideung,Bandung,Jawa Barat,alam,-0.3714337865818478,-1.6452798805385178,-0.43791018704105006,1,0,0,0,0,0
311,The Lodge Maribaya,Bandung,Jawa Barat,alam,0.005240688346833808,-0.6853502306115058,1.619796820883024,1,0,0,0,0,0
312,Taman Hutan Raya Ir. H. Juanda,Bandung,Jawa Barat,alam,-0.2056970176132279,0.2745794193155063,-0.43791018704105006,1,0,0,0,0,0
313,Taman Begonia,Bandung,Jawa Barat,alam,-0.22076399661037516,-0.2053854056479976,-0.43791018704105006,1,0,0,0,0,0
314,Tafso Barn,Bandung,Jawa Barat,alam,-0.3714337865818478,-1.1653150555750096,1.619796820883024,1,0,0,0,0,0
315,Curug Luhur Waterfall,Bandung,Jawa Barat,alam,-0.29609889159611147,-1.1653150555750096,-0.43791018704105006,1,0,0,0,0,0
316,Curug Malela,Bandung,Jawa Barat,alam,-0.22076399661037516,-0.2053854056479976,-0.43791018704105006,1,0,0,0,0,0
317,Curug Cimahi,Bandung,Jawa Barat,alam,-0.14542910162463885,0.7545442442790101,-0.43791018704105006,1,0,0,0,0,0
318,Situ Patenggang,Bandung,Jawa Barat,alam,-0.07009420663890252,0.2745794193155063,-0.43791018704105006,1,0,0,0,0,0
319,Kawah Rengganis Cibuni,Bandung,Jawa Barat,alam,-0.29609889159611147,-0.6853502306115058,-0.43791018704105006,1,0,0,0,0,0
320,Pemandian Air Panas Cimanggu,Bandung,Jawa Barat,alam,-0.024893269647460723,-2.605209530465528,-0.43791018704105006,1,0,0,0,0,0
321,Glamping Lakeside Rancabali,Bandung,Jawa Barat,hiburan,0.08057558333257013,-0.2053854056479976,1.619796820883024,0,0,0,0,1,0
322,Bukit Jamur,Bandung,Jawa Barat,alam,-0.3714337865818478,-1.1653150555750096,-0.43791018704105006,1,0,0,0,0,0
323,Kebun Tanaman Obat Sari Alam,Bandung,Jawa Barat,alam,-0.3714337865818478,2.1944387191695305,-0.43791018704105006,1,0,0,0,0,0
324,Happyfarm Ciwidey,Bandung,Jawa Barat,alam,-0.14542910162463885,-1.1653150555750096,-0.43791018704105006,1,0,0,0,0,0
325,Saung Angklung Mang Udjo,Bandung,Jawa Barat,budaya,0.758589638204197,1.2345090692425182,-0.43791018704105006,0,0,0,1,0,0
326,Taman Kupu-Kupu Cihanjuang,Bandung,Jawa Barat,alam,-0.22076399661037516,-2.1252447055020216,-0.43791018704105006,1,0,0,0,0,0
327,Taman Miniatur Kereta Api,Bandung,Jawa Barat,hiburan,-0.14542910162463885,-0.2053854056479976,1.619796820883024,0,0,0,0,1,0
328,Gua Pawon,Bandung,Jawa Barat,alam,-0.22076399661037516,0.2745794193155063,-0.43791018704105006,1,0,0,0,0,0
329,Bukit Gantole Cililin,Bandung,Jawa Barat,alam,-0.3714337865818478,-0.2053854056479976,-0.43791018704105006,1,0,0,0,0,0
330,Bandros City Tour,Bandung,Jawa Barat,budaya,0.23124537330404277,-0.2053854056479976,-0.43791018704105006,0,0,0,1,0,0
331,Kyotoku Floating Market,Bandung,Jawa Barat,budaya,2.2652875379189235,0.2745794193155063,-0.43791018704105006,0,0,0,1,0,0
332,Rainbow Garden,Bandung,Jawa Barat,alam,-0.07009420663890252,0.7545442442790101,1.619796820883024,1,0,0,0,0,0
333,Kota Mini,Bandung,Jawa Barat,hiburan,-0.07009420663890252,-0.2053854056479976,1.619796820883024,0,0,0,0,1,0
334,Chingu Cafe Little Seoul,Bandung,Jawa Barat,hiburan,0.38191516327551545,0.2745794193155063,1.619796820883024,0,0,0,0,1,0
335,Candi Gedong Songo,Semarang,Jawa Tengah,budaya,-0.22076399661037516,0.2745794193155063,-0.43791018704105006,0,0,0,1,0,0
336,Grand Maerakaca,Semarang,Jawa Tengah,hiburan,-0.14542910162463885,-0.2053854056479976,-0.43791018704105006,0,0,0,0,1,0
337,Kampung Pelangi,Semarang,Jawa Tengah,hiburan,-0.326232849590406,-0.6853502306115058,-0.43791018704105006,0,0,0,0,1,0
338,Lawang Sewu,Semarang,Jawa Tengah,budaya,-0.22076399661037516,0.7545442442790101,-0.43791018704105006,0,0,0,1,0,0
339,Sam Poo Kong Temple,Semarang,Jawa Tengah,budaya,0.15591047831830646,0.2745794193155063,-0.43791018704105006,0,0,0,1,0,0
340,Desa Wisata Lembah Kalipancur,Semarang,Jawa Tengah,hiburan,-0.3714337865818478,-2.605209530465528,-0.43791018704105006,0,0,0,0,1,0
341,Hutan Wisata Tinjomoyo Semarang,Semarang,Jawa Tengah,alam,-0.326232849590406,-0.6853502306115058,-0.43791018704105006,1,0,0,0,0,0
342,Taman Kasmaran,Semarang,Jawa Tengah,hiburan,-0.326232849590406,0.2745794193155063,1.619796820883024,0,0,0,0,1,0
343,Pantai Baruna,Semarang,Jawa Tengah,bahari,-0.326232849590406,-2.1252447055020216,-0.43791018704105006,0,1,0,0,0,0
344,Pantai Marina,Semarang,Jawa Tengah,bahari,-0.326232849590406,-1.6452798805385178,-0.43791018704105006,0,1,0,0,0,0
345,Kampoeng Djadhoel Semarang,Semarang,Jawa Tengah,budaya,-0.22076399661037516,1.2345090692425182,-0.43791018704105006,0,0,0,1,0,0
346,Indonesia Kaya Park,Semarang,Jawa Tengah,hiburan,-0.3714337865818478,0.7545442442790101,-0.43791018704105006,0,0,0,0,1,0
347,Taman Pandanaran,Semarang,Jawa Tengah,hiburan,-0.3714337865818478,-0.2053854056479976,3.677503828807098,0,0,0,0,1,0
348,Pura Giri Natha,Semarang,Jawa Tengah,budaya,-0.07009420663890252,1.2345090692425182,1.619796820883024,0,0,0,1,0,0
349,Wisata Mangrove Tapak,Semarang,Jawa Tengah,alam,-0.29609889159611147,-0.6853502306115058,-0.43791018704105006,1,0,0,0,0,0
350,Pantai Cipta,Semarang,Jawa Tengah,bahari,-0.29609889159611147,-2.1252447055020216,-0.43791018704105006,0,1,0,0,0,0
351,Old City 3D Trick Art Museum,Semarang,Jawa Tengah,budaya,0.38191516327551545,-0.2053854056479976,-0.43791018704105006,0,0,0,1,0,0
352,GPIB Immanuel Semarang (Gereja Blenduk),Semarang,Jawa Tengah,religi,-0.3714337865818478,0.7545442442790101,1.619796820883024,0,0,0,0,0,1
353,Taman Srigunting,Semarang,Jawa Tengah,hiburan,-0.3714337865818478,1.2345090692425182,1.619796820883024,0,0,0,0,1,0
354,Semarang Contemporary Art Gallery,Semarang,Jawa Tengah,budaya,-0.22076399661037516,0.7545442442790101,-0.43791018704105006,0,0,0,1,0,0
355,Umbul Sidomukti,Semarang,Jawa Tengah,alam,0.758589638204197,0.7545442442790101,-0.43791018704105006,1,0,0,0,0,0
356,Saloka Theme Park,Semarang,Jawa Tengah,hiburan,1.8886130629902418,-0.2053854056479976,-0.43791018704105006,0,0,0,0,1,0
357,Wisata Alam Wana Wisata Penggaron,Semarang,Jawa Tengah,alam,-0.22076399661037516,-1.6452798805385178,-0.43791018704105006,1,0,0,0,0,0
358,Masjid Kapal Semarang,Semarang,Jawa Tengah,religi,-0.3714337865818478,-1.6452798805385178,1.619796820883024,0,0,0,0,0,1
359,Taman Bunga Celosia,Semarang,Jawa Tengah,alam,0.005240688346833808,-0.6853502306115058,1.619796820883024,1,0,0,0,0,0
360,Air Terjun Kali Pancur,Semarang,Jawa Tengah,alam,-0.29609889159611147,-1.6452798805385178,-0.43791018704105006,1,0,0,0,0,0
361,Wisata Kampung Krisan Clapar,Semarang,Jawa Tengah,hiburan,-0.22076399661037516,-1.6452798805385178,-0.43791018704105006,0,0,0,0,1,0
362,Danau Rawa Pening,Semarang,Jawa Tengah,alam,-0.14542910162463885,-0.2053854056479976,-0.43791018704105006,1,0,0,0,0,0
363,Pantai Maron,Semarang,Jawa Tengah,bahari,-0.29609889159611147,-5.005033655283055,3.677503828807098,0,1,0,0,0,0
364,Water Blaster Bukit Candi Golf,Semarang,Jawa Tengah,hiburan,0.8339245331899333,-1.1653150555750096,-0.43791018704105006,0,0,0,0,1,0
365,Waduk Jatibarang,Semarang,Jawa Tengah,alam,-0.3337663390889796,-0.6853502306115058,-0.43791018704105006,1,0,0,0,0,0
366,Tirto Argo Siwarak,Semarang,Jawa Tengah,hiburan,-0.07009420663890252,-0.2053854056479976,-0.43791018704105006,0,0,0,0,1,0
367,Wisata Lereng Kelir,Semarang,Jawa Tengah,alam,-0.26596493360181694,-0.6853502306115058,-0.43791018704105006,1,0,0,0,0,0
368,Kampoeng Rawa,Semarang,Jawa Tengah,alam,-0.326232849590406,0.2745794193155063,1.619796820883024,1,0,0,0,0,0
369,Monumen Palagan Ambarawa,Semarang,Jawa Tengah,budaya,-0.2584314441032433,-0.2053854056479976,-0.43791018704105006,0,0,0,1,0,0
370,Benteng Pendem,Semarang,Jawa Tengah,budaya,-0.29609889159611147,-1.1653150555750096,-0.43791018704105006,0,0,0,1,0,0
371,Wisata Eling Bening,Semarang,Jawa Tengah,alam,0.005240688346833808,-0.6853502306115058,1.619796820883024,1,0,0,0,0,0
372,Gua Maria Kerep Ambarawa,Semarang,Jawa Tengah,alam,-0.34129982858755326,1.7144738942060223,1.619796820883024,1,0,0,0,0,0
373,Museum Kereta Ambarawa,Semarang,Jawa Tengah,budaya,-0.22076399661037516,0.2745794193155063,-0.43791018704105006,0,0,0,1,0,0
374,Hutan Pinus Kayon,Semarang,Jawa Tengah,alam,-0.2810319125989642,-0.2053854056479976,-0.43791018704105006,1,0,0,0,0,0
375,Kota Lama Semarang,Semarang,Jawa Tengah,budaya,-0.3714337865818478,1.2345090692425182,-0.43791018704105006,0,0,0,1,0,0
376,Semarang Chinatown,Semarang,Jawa Tengah,budaya,0.08057558333257013,0.2745794193155063,-0.43791018704105006,0,0,0,1,0,0
377,La Kana Chapel,Semarang,Jawa Tengah,hiburan,0.15591047831830646,0.2745794193155063,-0.43791018704105006,0,0,0,0,1,0
378,Jembatan Biru Ambarawa,Semarang,Jawa Tengah,hiburan,-0.3714337865818478,-1.1653150555750096,-0.43791018704105006,0,0,0,0,1,0
379,Goa Rong,Semarang,Jawa Tengah,alam,-0.29609889159611147,-0.6853502306115058,1.619796820883024,1,0,0,0,0,0
380,Masjid Agung Ungaran,Semarang,Jawa Tengah,religi,-0.3714337865818478,1.2345090692425182,1.619796820883024,0,0,0,0,0,1
381,Tugu Muda Semarang,Semarang,Jawa Tengah,budaya,-0.3714337865818478,1.2345090692425182,-0.43791018704105006,0,0,0,1,0,0
382,Kampoeng Kopi Banaran,Semarang,Jawa Tengah,hiburan,2.641962012847605,-0.6853502306115058,-0.43791018704105006,0,0,0,0,1,0
383,Taman Tabanas,Semarang,Jawa Tengah,hiburan,-0.3714337865818478,-0.2053854056479976,1.619796820883024,0,0,0,0,1,0
384,Kampung Tematik Jawi,Semarang,Jawa Tengah,budaya,-0.3714337865818478,0.2745794193155063,1.619796820883024,0,0,0,1,0,0
385,Kampung Batik Gedong Semarang,Semarang,Jawa Tengah,budaya,-0.3714337865818478,-0.2053854056479976,-0.43791018704105006,0,0,0,1,0,0
386,Air Terjun Semirang,Semarang,Jawa Tengah,alam,-0.23583097560752242,-0.2053854056479976,-0.43791018704105006,1,0,0,0,0,0
387,Obyek Wisata Goa Kreo,Semarang,Jawa Tengah,alam,-0.28856540209753784,-0.6853502306115058,-0.43791018704105006,1,0,0,0,0,0
388,Watu Gunung Ungaran,Semarang,Jawa Tengah,alam,0.005240688346833808,-0.2053854056479976,-0.43791018704105006,1,0,0,0,0,0
389,Brown Canyon,Semarang,Jawa Tengah,alam,-0.3714337865818478,-1.1653150555750096,-0.43791018704105006,1,0,0,0,0,0
390,Durian Gardens and Tourism Education Watu Simbar,Semarang,Jawa Tengah,alam,-0.29609889159611147,-1.6452798805385178,-0.43791018704105006,1,0,0,0,0,0
391,Flower Farm Setiya Aji,Semarang,Jawa Tengah,alam,-0.2584314441032433,-1.6452798805385178,-0.43791018704105006,1,0,0,0,0,0
392,Ekowisata Mangrove Wonorejo,Surabaya,Jawa Timur,alam,-0.3714337865818478,-0.6853502306115058,-0.43791018704105006,1,0,0,0,0,0
393,Taman Harmoni Keputih,Surabaya,Jawa Timur,alam,-0.3714337865818478,-0.2053854056479976,1.619796820883024,1,0,0,0,0,0
394,Air Mancur Menari,Surabaya,Jawa Timur,hiburan,0.15591047831830646,-0.2053854056479976,3.677503828807098,0,0,0,0,1,0
395,Taman Prestasi,Surabaya,Jawa Timur,hiburan,-0.3714337865818478,0.7545442442790101,-0.43791018704105006,0,0,0,0,1,0
396,Monumen Kapal Selam,Surabaya,Jawa Timur,budaya,-0.14542910162463885,-0.2053854056479976,-0.43791018704105006,0,0,0,1,0,0
397,Taman Kunang-Kunang,Surabaya,Jawa Timur,hiburan,-0.3714337865818478,-0.2053854056479976,-0.43791018704105006,0,0,0,0,1,0
398,Taman Buah Surabaya,Surabaya,Jawa Timur,hiburan,-0.3714337865818478,-1.6452798805385178,-0.43791018704105006,0,0,0,0,1,0
399,Taman Pelangi,Surabaya,Jawa Timur,hiburan,-0.3714337865818478,0.2745794193155063,-0.43791018704105006,0,0,0,0,1,0
400,Hutan Bambu Keputih,Surabaya,Jawa Timur,alam,-0.3714337865818478,-0.6853502306115058,-0.43791018704105006,1,0,0,0,0,0
401,Taman Keputran,Surabaya,Jawa Timur,hiburan,-0.3714337865818478,-0.6853502306115058,-0.43791018704105006,0,0,0,0,1,0
402,Food Junction Grand Pakuwon,Surabaya,Jawa Timur,belanja,-0.3714337865818478,0.2745794193155063,-0.43791018704105006,0,0,1,0,0,0
403,Taman Barunawati,Surabaya,Jawa Timur,hiburan,-0.3714337865818478,-1.1653150555750096,-0.43791018704105006,0,0,0,0,1,0
404,Kenjeran Park,Surabaya,Jawa Timur,hiburan,0.15591047831830646,-1.1653150555750096,-0.43791018704105006,0,0,0,0,1,0
405,Surabaya North Quay,Surabaya,Jawa Timur,hiburan,0.38191516327551545,-0.2053854056479976,-0.43791018704105006,0,0,0,0,1,0
406,Kebun Bibit Wonorejo,Surabaya,Jawa Timur,alam,-0.3714337865818478,-0.2053854056479976,-0.43791018704105006,1,0,0,0,0,0
407,Taman Ekspresi Dan Perpustakaan,Surabaya,Jawa Timur,hiburan,-0.3714337865818478,0.2745794193155063,-0.43791018704105006,0,0,0,0,1,0
408,Kebun Binatang Surabaya,Surabaya,Jawa Timur,alam,-0.14542910162463885,-0.6853502306115058,-0.43791018704105006,1,0,0,0,0,0
409,Rumah Batik,Surabaya,Jawa Timur,budaya,-0.3714337865818478,0.2745794193155063,-0.43791018704105006,0,0,0,1,0,0
410,Ciputra Waterpark,Surabaya,Jawa Timur,hiburan,1.0599292181471422,-0.6853502306115058,-0.43791018704105006,0,0,0,0,1,0
411,Masjid Muhammad Cheng Hoo,Surabaya,Jawa Timur,religi,-0.3714337865818478,1.2345090692425182,1.619796820883024,0,0,0,0,0,1
412,Masjid Nasional Al-Akbar,Surabaya,Jawa Timur,religi,-0.3714337865818478,2.1944387191695305,1.619796820883024,0,0,0,0,0,1
413,Museum TNI AL Loka Jala Crana,Surabaya,Jawa Timur,budaya,-0.34129982858755326,0.2745794193155063,-0.43791018704105006,0,0,0,1,0,0
414,Jembatan Merah,Surabaya,Jawa Timur,budaya,-0.3714337865818478,0.2745794193155063,-0.43791018704105006,0,0,0,1,0,0
415,Museum De Javasche Bank,Surabaya,Jawa Timur,budaya,-0.29609889159611147,0.7545442442790101,-0.43791018704105006,0,0,0,1,0,0
416,Keraton Surabaya,Surabaya,Jawa Timur,budaya,-0.3714337865818478,-0.2053854056479976,-0.43791018704105006,0,0,0,1,0,0
417,Klenteng Sanggar Agung,Surabaya,Jawa Timur,budaya,-0.22076399661037516,0.2745794193155063,1.619796820883024,0,0,0,1,0,0
418,Museum Sepuluh Nopember Kota Surabaya,Surabaya,Jawa Timur,budaya,-0.29609889159611147,1.2345090692425182,-0.43791018704105006,0,0,0,1,0,0
419,Monumen Tugu Pahlawan,Surabaya,Jawa Timur,budaya,-0.3714337865818478,1.2345090692425182,-0.43791018704105006,0,0,0,1,0,0
420,Surabaya Museum (Gedung Siola),Surabaya,Jawa Timur,budaya,-0.3714337865818478,0.2745794193155063,-0.43791018704105006,0,0,0,1,0,0
421,Museum Kesehatan Dr. Adhyatma,Surabaya,Jawa Timur,budaya,-0.22076399661037516,-0.2053854056479976,-0.43791018704105006,0,0,0,1,0,0
422,Monumen Jalesveva Jayamahe,Surabaya,Jawa Timur,budaya,-0.3714337865818478,0.7545442442790101,-0.43791018704105006,0,0,0,1,0,0
423,Patung Sura dan Buaya,Surabaya,Jawa Timur,budaya,-0.3714337865818478,0.7545442442790101,-0.43791018704105006,0,0,0,1,0,0
424,Pantai Ria Kenjeran,Surabaya,Jawa Timur,bahari,-0.14542910162463885,-1.1653150555750096,-0.43791018704105006,0,1,0,0,0,0
425,Waterpark Kenjeran Surabaya,Surabaya,Jawa Timur,hiburan,0.15591047831830646,-1.6452798805385178,-0.43791018704105006,0,0,0,0,1,0
426,Balai Kota Surabaya,Surabaya,Jawa Timur,budaya,-0.3714337865818478,1.2345090692425182,-0.43791018704105006,0,0,0,1,0,0
427,Patung Buddha Empat Rupa,Surabaya,Jawa Timur,budaya,-0.3714337865818478,-0.6853502306115058,-0.43791018704105006,0,0,0,1,0,0
428,Monumen Bambu Runcing Surabaya,Surabaya,Jawa Timur,budaya,-0.3714337865818478,0.7545442442790101,-0.43791018704105006,0,0,0,1,0,0
429,House of Sampoerna,Surabaya,Jawa Timur,budaya,-0.3714337865818478,0.7545442442790101,-0.43791018704105006,0,0,0,1,0,0
430,Atlantis Land Surabaya,Surabaya,Jawa Timur,hiburan,1.5119385880615601,-0.2053854056479976,-0.43791018704105006,0,0,0,0,1,0
431,Taman Hiburan Rakyat,Surabaya,Jawa Timur,hiburan,-0.29609889159611147,-1.1653150555750096,-0.43791018704105006,0,0,0,0,1,0
432,Taman Mundu,Surabaya,Jawa Timur,hiburan,-0.3714337865818478,-0.2053854056479976,-0.43791018704105006,0,0,0,0,1,0
433,Museum Mpu Tantular,Surabaya,Jawa Timur,budaya,-0.34129982858755326,-0.2053854056479976,-0.43791018704105006,0,0,0,1,0,0
434,Taman Bungkul,Surabaya,Jawa Timur,hiburan,-0.3714337865818478,0.7545442442790101,-0.43791018704105006,0,0,0,0,1,0
435,Taman Air Mancur Menari Kenjeran,Surabaya,Jawa Timur,hiburan,-0.3714337865818478,-0.2053854056479976,-0.43791018704105006,0,0,0,0,1,0
436,Taman Flora Bratang Surabaya,Surabaya,Jawa Timur,hiburan,-0.3714337865818478,0.7545442442790101,-0.43791018704105006,0,0,0,0,1,0
437,Gereja Perawan Maria Tak Berdosa Surabaya,Surabaya,Jawa Timur,religi,-0.22076399661037516,1.7144738942060223,1.619796820883024,0,0,0,0,0,1
