place_id,c1_ticket_price_z,c2_rating_z,category_alam,category_bahari,category_belanja,category_budaya,category_hiburan,category_religi
1,-0.04641155261768997,0.7565414037419574,0.0,0.0,0.0,1.0,0.0,0.0
2,-0.470773117316073,0.7565414037419574,0.0,0.0,0.0,1.0,0.0,0.0
3,5.2581080061120975,0.7565414037419574,0.0,0.0,0.0,0.0,1.0,0.0
4,-0.2585923349668815,0.27500714819930294,0.0,0.0,0.0,0.0,1.0,0.0
5,1.5237262367663273,0.27500714819930294,0.0,0.0,0.0,0.0,1.0,0.0
6,0.05967883855690578,0.27500714819930294,0.0,0.0,0.0,0.0,1.0,0.0
7,-0.3859008043763964,0.27500714819930294,1.0,0.0,0.0,0.0,0.0,0.0
8,3.348480964969374,-2.1326641295139783,0.0,0.0,0.0,0.0,1.0,0.0
9,3.2423905737947787,-0.20652710734335158,0.0,1.0,0.0,0.0,0.0,0.0
10,2.7119386179218,0.27500714819930294,0.0,1.0,0.0,0.0,0.0,0.0
11,-0.36468272614147723,0.7565414037419574,0.0,1.0,0.0,0.0,0.0,0.0
12,2.7119386179218,-2.1326641295139783,0.0,1.0,0.0,0.0,0.0,0.0
13,-0.36468272614147723,-1.1695956184286649,0.0,1.0,0.0,0.0,0.0,0.0
14,5.381172859874625,1.7196099148272708,0.0,1.0,0.0,0.0,0.0,0.0
15,-0.470773117316073,-0.20652710734335158,0.0,0.0,1.0,0.0,0.0,0.0
16,-0.470773117316073,-0.6880613628860104,0.0,0.0,0.0,1.0,0.0,0.0
17,-0.36468272614147723,-0.20652710734335158,0.0,0.0,0.0,1.0,0.0,0.0
18,-0.4283369608462347,1.2380756592846163,0.0,0.0,0.0,1.0,0.0,0.0
19,3.45457135614397,0.7565414037419574,0.0,0.0,0.0,0.0,1.0,0.0
20,-0.4283369608462347,0.27500714819930294,0.0,0.0,0.0,1.0,0.0,0.0
21,-0.36468272614147723,0.27500714819930294,0.0,0.0,0.0,1.0,0.0,0.0
22,-0.470773117316073,1.2380756592846163,0.0,0.0,0.0,0.0,0.0,1.0
23,-0.470773117316073,1.7196099148272708,0.0,0.0,0.0,0.0,0.0,1.0
24,-0.36468272614147723,0.7565414037419574,0.0,0.0,0.0,1.0,0.0,0.0
25,-0.470773117316073,-2.1326641295139783,0.0,0.0,1.0,0.0,0.0,0.0
26,-0.470773117316073,-0.6880613628860104,0.0,0.0,1.0,0.0,0.0,0.0
27,1.9693058796996294,0.27500714819930294,0.0,0.0,0.0,0.0,1.0,0.0
28,0.2718596209060973,0.27500714819930294,0.0,0.0,0.0,0.0,1.0,0.0
29,-0.470773117316073,2.682678425912584,0.0,0.0,1.0,0.0,0.0,0.0
30,-0.470773117316073,0.27500714819930294,0.0,0.0,0.0,0.0,1.0,0.0
31,0.05967883855690578,-0.6880613628860104,1.0,0.0,0.0,0.0,0.0,0.0
32,-0.470773117316073,-0.20652710734335158,0.0,0.0,0.0,1.0,0.0,0.0
33,-0.470773117316073,0.7565414037419574,0.0,0.0,0.0,0.0,1.0,0.0
34,-0.470773117316073,-0.20652710734335158,0.0,0.0,1.0,0.0,0.0,0.0
35,-0.470773117316073,1.2380756592846163,0.0,0.0,1.0,0.0,0.0,0.0
36,1.8632154885250336,0.27500714819930294,0.0,0.0,0.0,0.0,1.0,0.0
37,-0.2585923349668815,0.27500714819930294,0.0,0.0,0.0,0.0,1.0,0.0
38,-0.470773117316073,0.7565414037419574,0.0,0.0,0.0,1.0,0.0,0.0
39,1.6510347061758421,0.27500714819930294,0.0,0.0,0.0,1.0,0.0,0.0
40,-0.470773117316073,0.7565414037419574,0.0,0.0,0.0,1.0,0.0,0.0
41,-0.4283369608462347,-0.20652710734335158,0.0,0.0,0.0,1.0,0.0,0.0
42,-0.36468272614147723,-0.20652710734335158,0.0,0.0,0.0,1.0,0.0,0.0
43,1.0144923591282677,-0.20652710734335158,0.0,0.0,0.0,0.0,1.0,0.0
44,-0.470773117316073,1.2380756592846163,0.0,0.0,0.0,1.0,0.0,0.0
45,3.45457135614397,0.7565414037419574,0.0,0.0,0.0,0.0,1.0,0.0
46,0.37795001208069307,-2.1326641295139783,0.0,1.0,0.0,0.0,0.0,0.0
47,-0.470773117316073,0.27500714819930294,0.0,0.0,0.0,0.0,1.0,0.0
48,-0.36468272614147723,0.7565414037419574,0.0,0.0,0.0,1.0,0.0,0.0
49,-0.470773117316073,1.7196099148272708,0.0,0.0,0.0,1.0,0.0,0.0
50,-0.4283369608462347,-2.1326641295139783,0.0,0.0,0.0,1.0,0.0,0.0
51,-0.2161561784970432,-1.6511298739713238,0.0,0.0,0.0,0.0,1.0,0.0
52,-0.15250194379228574,0.27500714819930294,0.0,0.0,0.0,1.0,0.0,0.0
53,-0.36468272614147723,0.27500714819930294,0.0,0.0,0.0,1.0,0.0,0.0
54,-0.470773117316073,-1.1695956184286649,0.0,0.0,0.0,0.0,1.0,0.0
55,-0.470773117316073,0.27500714819930294,0.0,0.0,0.0,0.0,0.0,1.0
56,0.05967883855690578,-0.20652710734335158,0.0,1.0,0.0,0.0,0.0,0.0
57,-0.470773117316073,1.2380756592846163,0.0,0.0,0.0,0.0,1.0,0.0
58,-0.470773117316073,-0.20652710734335158,0.0,0.0,0.0,0.0,1.0,0.0
59,-0.4283369608462347,1.2380756592846163,0.0,0.0,0.0,1.0,0.0,0.0
60,-0.36468272614147723,0.27500714819930294,0.0,0.0,0.0,1.0,0.0,0.0
61,-0.470773117316073,0.7565414037419574,0.0,0.0,0.0,1.0,0.0,0.0
62,0.16576922973150154,0.27500714819930294,0.0,0.0,0.0,0.0,1.0,0.0
63,-0.4283369608462347,1.2380756592846163,0.0,0.0,0.0,1.0,0.0,0.0
64,-0.4283369608462347,1.2380756592846163,0.0,0.0,0.0,1.0,0.0,0.0
65,-0.44955503908115385,0.7565414037419574,0.0,0.0,0.0,1.0,0.0,0.0
66,-0.2585923349668815,0.27500714819930294,0.0,0.0,0.0,1.0,0.0,0.0
67,0.05967883855690578,-1.1695956184286649,1.0,0.0,0.0,0.0,0.0,0.0
68,-0.470773117316073,-0.20652710734335158,0.0,0.0,1.0,0.0,0.0,0.0
69,-0.470773117316073,2.682678425912584,0.0,0.0,0.0,1.0,0.0,0.0
70,-0.470773117316073,1.2380756592846163,0.0,0.0,0.0,1.0,0.0,0.0
71,0.5901307944298846,0.27500714819930294,1.0,0.0,0.0,0.0,0.0,0.0
72,5.381172859874625,-0.20652710734335158,0.0,0.0,0.0,0.0,1.0,0.0
73,-0.36468272614147723,-0.20652710734335158,0.0,0.0,0.0,1.0,0.0,0.0
74,-0.470773117316073,0.7565414037419574,0.0,0.0,0.0,1.0,0.0,0.0
75,3.348480964969374,-0.6880613628860104,0.0,0.0,0.0,0.0,1.0,0.0
76,-0.04641155261768997,0.27500714819930294,0.0,0.0,0.0,0.0,1.0,0.0
77,-0.470773117316073,-0.20652710734335158,0.0,0.0,0.0,0.0,1.0,0.0
78,-0.44955503908115385,-0.6880613628860104,0.0,0.0,0.0,0.0,1.0,0.0
79,-0.470773117316073,0.7565414037419574,0.0,0.0,0.0,0.0,1.0,0.0
80,-0.470773117316073,1.2380756592846163,0.0,0.0,1.0,0.0,0.0,0.0
81,-0.470773117316073,-0.20652710734335158,0.0,0.0,1.0,0.0,0.0,0.0
82,-0.36468272614147723,0.27500714819930294,0.0,0.0,0.0,1.0,0.0,0.0
83,3.7728425296677575,-0.6880613628860104,0.0,0.0,0.0,0.0,1.0,0.0
84,-0.470773117316073,0.7565414037419574,0.0,0.0,1.0,0.0,0.0,0.0
85,-0.34346464790655806,0.27500714819930294,0.0,0.0,0.0,0.0,1.0,0.0
86,-0.15250194379228574,0.7565414037419574,0.0,0.0,0.0,1.0,0.0,0.0
87,-0.04641155261768997,-1.1695956184286649,0.0,0.0,0.0,0.0,1.0,0.0
88,-0.40711888261131557,0.7565414037419574,0.0,0.0,0.0,1.0,0.0,0.0
89,0.5901307944298846,-0.20652710734335158,0.0,0.0,0.0,1.0,0.0,0.0
90,-0.36468272614147723,0.7565414037419574,0.0,0.0,0.0,0.0,1.0,0.0
91,-0.470773117316073,-0.20652710734335158,0.0,0.0,0.0,0.0,1.0,0.0
92,-0.470773117316073,1.2380756592846163,0.0,0.0,0.0,0.0,1.0,0.0
93,0.8023115767790762,0.27500714819930294,1.0,0.0,0.0,0.0,0.0,0.0
94,-0.32224656967163895,0.27500714819930294,0.0,0.0,0.0,0.0,1.0,0.0
95,-0.470773117316073,2.682678425912584,0.0,0.0,0.0,0.0,1.0,0.0
96,-0.470773117316073,0.7565414037419574,0.0,0.0,0.0,0.0,1.0,0.0
97,-0.15250194379228574,0.27500714819930294,0.0,0.0,0.0,1.0,0.0,0.0
98,-0.15250194379228574,-0.6880613628860104,0.0,0.0,0.0,0.0,1.0,0.0
99,-0.470773117316073,-0.20652710734335158,0.0,0.0,0.0,1.0,0.0,0.0
100,-0.470773117316073,0.27500714819930294,0.0,0.0,0.0,1.0,0.0,0.0
101,-0.470773117316073,-2.1326641295139783,0.0,0.0,0.0,1.0,0.0,0.0
102,0.37795001208069307,0.27500714819930294,0.0,0.0,0.0,1.0,0.0,0.0
103,-0.470773117316073,1.2380756592846163,0.0,0.0,0.0,0.0,1.0,0.0
104,-0.04641155261768997,-0.20652710734335158,0.0,0.0,0.0,1.0,0.0,0.0
105,-0.470773117316073,-0.20652710734335158,0.0,0.0,0.0,1.0,0.0,0.0
106,-0.470773117316073,1.7196099148272708,0.0,0.0,0.0,0.0,1.0,0.0
107,-0.36468272614147723,0.7565414037419574,0.0,0.0,0.0,1.0,0.0,0.0
108,-0.470773117316073,-0.20652710734335158,0.0,0.0,0.0,0.0,1.0,0.0
109,-0.40711888261131557,0.27500714819930294,0.0,0.0,0.0,0.0,1.0,0.0
110,-0.40711888261131557,0.7565414037419574,0.0,0.0,0.0,0.0,1.0,0.0
111,-0.40711888261131557,0.27500714819930294,0.0,0.0,0.0,0.0,1.0,0.0
112,0.05967883855690578,0.27500714819930294,0.0,0.0,0.0,0.0,1.0,0.0
113,-0.470773117316073,0.7565414037419574,0.0,0.0,0.0,1.0,0.0,0.0
114,0.16576922973150154,-0.6880613628860104,0.0,0.0,0.0,0.0,1.0,0.0
115,-0.15250194379228574,-0.6880613628860104,0.0,0.0,0.0,1.0,0.0,0.0
116,-0.4177279217287751,0.27500714819930294,0.0,0.0,0.0,0.0,1.0,0.0
117,-0.00397539614785167,-1.1695956184286649,0.0,0.0,0.0,0.0,1.0,0.0
118,-0.36468272614147723,0.7565414037419574,0.0,0.0,0.0,1.0,0.0,0.0
119,-0.36468272614147723,-0.20652710734335158,0.0,0.0,0.0,1.0,0.0,0.0
120,4.833746441413715,0.27500714819930294,0.0,0.0,0.0,1.0,0.0,0.0
121,0.5901307944298846,1.2380756592846163,0.0,0.0,0.0,1.0,0.0,0.0
122,-0.4177279217287751,-0.20652710734335158,0.0,0.0,0.0,1.0,0.0,0.0
123,-0.470773117316073,-0.6880613628860104,0.0,0.0,0.0,1.0,0.0,0.0
124,-0.470773117316073,2.682678425912584,0.0,0.0,0.0,1.0,0.0,0.0
125,-0.470773117316073,0.7565414037419574,0.0,0.0,0.0,1.0,0.0,0.0
126,-0.3859008043763964,-0.6880613628860104,0.0,1.0,0.0,0.0,0.0,0.0
127,-0.2585923349668815,-0.6880613628860104,0.0,0.0,0.0,0.0,1.0,0.0
128,-0.470773117316073,0.27500714819930294,0.0,0.0,0.0,0.0,1.0,0.0
129,-0.4283369608462347,0.27500714819930294,0.0,0.0,0.0,0.0,1.0,0.0
130,-0.2585923349668815,-0.20652710734335158,0.0,0.0,0.0,0.0,1.0,0.0
131,-0.36468272614147723,-0.6880613628860104,1.0,0.0,0.0,0.0,0.0,0.0
132,-0.04641155261768997,0.27500714819930294,1.0,0.0,0.0,0.0,0.0,0.0
133,-0.36468272614147723,0.7565414037419574,0.0,0.0,0.0,0.0,1.0,0.0
134,-0.2585923349668815,-0.20652710734335158,0.0,0.0,0.0,0.0,1.0,0.0
135,-0.470773117316073,-2.1326641295139783,0.0,0.0,1.0,0.0,0.0,0.0
136,-0.2585923349668815,0.27500714819930294,0.0,0.0,0.0,0.0,1.0,0.0
137,-0.04641155261768997,-0.20652710734335158,1.0,0.0,0.0,0.0,0.0,0.0
138,-0.04641155261768997,-0.20652710734335158,0.0,0.0,0.0,0.0,1.0,0.0
139,-0.2585923349668815,1.2380756592846163,1.0,0.0,0.0,0.0,0.0,0.0
140,-0.470773117316073,0.7565414037419574,0.0,0.0,0.0,0.0,1.0,0.0
141,-0.40711888261131557,0.27500714819930294,1.0,0.0,0.0,0.0,0.0,0.0
142,-0.470773117316073,0.7565414037419574,1.0,0.0,0.0,0.0,0.0,0.0
143,-0.4283369608462347,0.7565414037419574,1.0,0.0,0.0,0.0,0.0,0.0
144,5.381172859874625,0.7565414037419574,1.0,0.0,0.0,0.0,0.0,0.0
145,-0.36468272614147723,-1.6511298739713238,0.0,0.0,0.0,0.0,1.0,0.0
146,-0.2585923349668815,0.27500714819930294,1.0,0.0,0.0,0.0,0.0,0.0
147,-0.470773117316073,0.27500714819930294,0.0,0.0,0.0,1.0,0.0,0.0
148,-0.36468272614147723,-0.6880613628860104,1.0,0.0,0.0,0.0,0.0,0.0
149,-0.40711888261131557,-0.20652710734335158,1.0,0.0,0.0,0.0,0.0,0.0
150,-0.32224656967163895,1.2380756592846163,0.0,0.0,0.0,1.0,0.0,0.0
151,-0.470773117316073,-0.20652710734335158,0.0,0.0,0.0,0.0,1.0,0.0
152,-0.36468272614147723,-1.6511298739713238,0.0,1.0,0.0,0.0,0.0,0.0
153,-0.2585923349668815,-2.1326641295139783,0.0,1.0,0.0,0.0,0.0,0.0
154,-0.2585923349668815,0.27500714819930294,0.0,1.0,0.0,0.0,0.0,0.0
155,-0.36468272614147723,0.7565414037419574,0.0,1.0,0.0,0.0,0.0,0.0
156,-0.2585923349668815,0.27500714819930294,0.0,1.0,0.0,0.0,0.0,0.0
157,-0.2585923349668815,-0.20652710734335158,0.0,1.0,0.0,0.0,0.0,0.0
158,-0.2585923349668815,0.27500714819930294,0.0,1.0,0.0,0.0,0.0,0.0
159,-0.4177279217287751,0.27500714819930294,1.0,0.0,0.0,0.0,0.0,0.0
160,-0.470773117316073,-0.20652710734335158,0.0,0.0,1.0,0.0,0.0,0.0
161,-0.36468272614147723,1.2380756592846163,1.0,0.0,0.0,0.0,0.0,0.0
162,4.19720409436614,0.27500714819930294,0.0,0.0,0.0,1.0,0.0,0.0
163,-0.4177279217287751,0.27500714819930294,1.0,0.0,0.0,0.0,0.0,0.0
164,-0.4177279217287751,-0.20652710734335158,1.0,0.0,0.0,0.0,0.0,0.0
165,-0.4283369608462347,-1.1695956184286649,0.0,0.0,0.0,0.0,1.0,0.0
166,-0.34346464790655806,0.27500714819930294,1.0,0.0,0.0,0.0,0.0,0.0
167,-0.470773117316073,0.27500714819930294,1.0,0.0,0.0,0.0,0.0,0.0
168,-0.2585923349668815,1.2380756592846163,0.0,1.0,0.0,0.0,0.0,0.0
169,-0.36468272614147723,-1.1695956184286649,1.0,0.0,0.0,0.0,0.0,0.0
170,0.5901307944298846,1.2380756592846163,0.0,0.0,0.0,1.0,0.0,0.0
171,-0.36468272614147723,0.7565414037419574,0.0,0.0,0.0,1.0,0.0,0.0
172,-0.2585923349668815,0.27500714819930294,0.0,1.0,0.0,0.0,0.0,0.0
173,-0.2585923349668815,-0.20652710734335158,0.0,1.0,0.0,0.0,0.0,0.0
174,-0.470773117316073,0.27500714819930294,0.0,0.0,1.0,0.0,0.0,0.0
175,1.6510347061758421,1.2380756592846163,0.0,0.0,0.0,1.0,0.0,0.0
176,-0.2585923349668815,-0.20652710734335158,0.0,0.0,0.0,1.0,0.0,0.0
177,-0.2585923349668815,0.27500714819930294,0.0,1.0,0.0,0.0,0.0,0.0
178,0.37795001208069307,0.27500714819930294,1.0,0.0,0.0,0.0,0.0,0.0
179,1.1205827503028634,0.7565414037419574,0.0,0.0,0.0,1.0,0.0,0.0
180,-0.2585923349668815,-0.6880613628860104,0.0,1.0,0.0,0.0,0.0,0.0
181,-0.36468272614147723,0.27500714819930294,0.0,1.0,0.0,0.0,0.0,0.0
182,-0.36468272614147723,-1.6511298739713238,0.0,1.0,0.0,0.0,0.0,0.0
183,2.7119386179218,-0.20652710734335158,0.0,0.0,0.0,0.0,1.0,0.0
184,-0.2585923349668815,-0.20652710734335158,0.0,1.0,0.0,0.0,0.0,0.0
185,-0.2585923349668815,0.27500714819930294,0.0,1.0,0.0,0.0,0.0,0.0
186,-0.36468272614147723,-0.20652710734335158,0.0,1.0,0.0,0.0,0.0,0.0
187,-0.2585923349668815,0.7565414037419574,0.0,1.0,0.0,0.0,0.0,0.0
188,-0.2585923349668815,0.7565414037419574,0.0,1.0,0.0,0.0,0.0,0.0
189,-0.2585923349668815,-1.6511298739713238,0.0,1.0,0.0,0.0,0.0,0.0
190,-0.3859008043763964,-2.1326641295139783,0.0,1.0,0.0,0.0,0.0,0.0
191,-0.2585923349668815,0.27500714819930294,0.0,1.0,0.0,0.0,0.0,0.0
192,-0.15250194379228574,-0.20652710734335158,1.0,0.0,0.0,0.0,0.0,0.0
193,0.5901307944298846,0.7565414037419574,0.0,0.0,0.0,1.0,0.0,0.0
194,-0.36468272614147723,0.27500714819930294,0.0,1.0,0.0,0.0,0.0,0.0
195,-0.36468272614147723,-0.20652710734335158,0.0,1.0,0.0,0.0,0.0,0.0
196,-0.40711888261131557,-0.20652710734335158,0.0,1.0,0.0,0.0,0.0,0.0
197,-0.36468272614147723,0.7565414037419574,0.0,1.0,0.0,0.0,0.0,0.0
198,-0.36468272614147723,0.7565414037419574,0.0,1.0,0.0,0.0,0.0,0.0
199,-0.36468272614147723,0.27500714819930294,0.0,1.0,0.0,0.0,0.0,0.0
200,-0.36468272614147723,0.7565414037419574,0.0,1.0,0.0,0.0,0.0,0.0
201,-0.36468272614147723,0.7565414037419574,0.0,1.0,0.0,0.0,0.0,0.0
202,-0.2585923349668815,0.27500714819930294,0.0,1.0,0.0,0.0,0.0,0.0
203,0.37795001208069307,-0.6880613628860104,0.0,0.0,0.0,0.0,1.0,0.0
204,-0.470773117316073,-0.20652710734335158,0.0,0.0,0.0,0.0,1.0,0.0
205,0.5901307944298846,0.27500714819930294,0.0,0.0,0.0,0.0,1.0,0.0
206,-0.3010284914367198,-0.20652710734335158,1.0,0.0,0.0,0.0,0.0,0.0
207,-0.15250194379228574,-0.20652710734335158,0.0,0.0,0.0,0.0,1.0,0.0
208,-0.2585923349668815,0.7565414037419574,1.0,0.0,0.0,0.0,0.0,0.0
209,-0.2585923349668815,0.27500714819930294,0.0,1.0,0.0,0.0,0.0,0.0
210,-0.40711888261131557,-0.6880613628860104,0.0,1.0,0.0,0.0,0.0,0.0
211,0.16576922973150154,0.27500714819930294,1.0,0.0,0.0,0.0,0.0,0.0
212,-0.470773117316073,1.2380756592846163,0.0,0.0,0.0,1.0,0.0,0.0
213,-0.36468272614147723,0.7565414037419574,0.0,0.0,0.0,1.0,0.0,0.0
214,5.381172859874625,0.27500714819930294,0.0,0.0,0.0,0.0,1.0,0.0
215,-0.15250194379228574,0.27500714819930294,1.0,0.0,0.0,0.0,0.0,0.0
216,0.16576922973150154,-0.20652710734335158,0.0,0.0,0.0,0.0,1.0,0.0
217,-0.04641155261768997,-2.1326641295139783,1.0,0.0,0.0,0.0,0.0,0.0
218,1.2478912197123784,0.27500714819930294,1.0,0.0,0.0,0.0,0.0,0.0
219,-0.15250194379228574,0.27500714819930294,1.0,0.0,0.0,0.0,0.0,0.0
220,0.05967883855690578,0.27500714819930294,0.0,0.0,0.0,0.0,1.0,0.0
221,-0.4283369608462347,0.7565414037419574,0.0,0.0,0.0,1.0,0.0,0.0
222,-0.470773117316073,0.7565414037419574,0.0,0.0,0.0,1.0,0.0,0.0
223,-0.470773117316073,1.2380756592846163,0.0,0.0,0.0,0.0,0.0,1.0
224,0.37795001208069307,-1.1695956184286649,0.0,0.0,0.0,0.0,1.0,0.0
225,0.5901307944298846,0.7565414037419574,0.0,0.0,0.0,0.0,1.0,0.0
226,-0.04641155261768997,-0.20652710734335158,0.0,0.0,0.0,0.0,1.0,0.0
227,-0.470773117316073,0.7565414037419574,0.0,0.0,0.0,0.0,1.0,0.0
228,-0.40711888261131557,0.27500714819930294,0.0,0.0,0.0,1.0,0.0,0.0
229,0.4840404032552888,-2.1326641295139783,0.0,0.0,0.0,0.0,1.0,0.0
230,0.16576922973150154,-0.20652710734335158,0.0,0.0,0.0,0.0,1.0,0.0
231,0.5901307944298846,-0.20652710734335158,0.0,0.0,0.0,0.0,1.0,0.0
232,0.05967883855690578,0.27500714819930294,1.0,0.0,0.0,0.0,0.0,0.0
233,0.16576922973150154,0.7565414037419574,1.0,0.0,0.0,0.0,0.0,0.0
234,1.1205827503028634,0.27500714819930294,0.0,0.0,0.0,1.0,0.0,0.0
235,-0.15250194379228574,-0.20652710734335158,1.0,0.0,0.0,0.0,0.0,0.0
236,-0.470773117316073,0.7565414037419574,0.0,0.0,0.0,0.0,1.0,0.0
237,1.1205827503028634,-0.6880613628860104,0.0,0.0,0.0,0.0,1.0,0.0
238,-0.31163753055417936,0.27500714819930294,1.0,0.0,0.0,0.0,0.0,0.0
239,0.5901307944298846,0.27500714819930294,1.0,0.0,0.0,0.0,0.0,0.0
240,-0.32224656967163895,-0.20652710734335158,0.0,0.0,0.0,0.0,1.0,0.0
241,-0.470773117316073,-0.20652710734335158,0.0,0.0,0.0,0.0,1.0,0.0
242,-0.2161561784970432,-2.1326641295139783,1.0,0.0,0.0,0.0,0.0,0.0
243,-0.15250194379228574,-1.6511298739713238,0.0,0.0,0.0,1.0,0.0,0.0
244,-0.2585923349668815,-1.6511298739713238,0.0,0.0,0.0,0.0,1.0,0.0
245,-0.04641155261768997,-0.20652710734335158,0.0,0.0,0.0,0.0,1.0,0.0
246,-0.2585923349668815,-0.20652710734335158,1.0,0.0,0.0,0.0,0.0,0.0
247,-0.15250194379228574,-0.20652710734335158,0.0,0.0,0.0,0.0,1.0,0.0
248,0.5901307944298846,1.2380756592846163,0.0,0.0,0.0,0.0,1.0,0.0
249,1.6510347061758421,-2.1326641295139783,0.0,0.0,0.0,0.0,1.0,0.0
250,0.5901307944298846,-1.6511298739713238,0.0,0.0,0.0,0.0,1.0,0.0
251,-0.470773117316073,-0.20652710734335158,0.0,0.0,0.0,0.0,1.0,0.0
252,-0.15250194379228574,-3.0957326405992918,0.0,0.0,0.0,0.0,1.0,0.0
253,0.05967883855690578,0.7565414037419574,0.0,0.0,0.0,0.0,1.0,0.0
254,-0.470773117316073,-0.6880613628860104,0.0,0.0,0.0,0.0,1.0,0.0
255,-0.15250194379228574,-0.20652710734335158,0.0,0.0,0.0,1.0,0.0,0.0
256,-0.2585923349668815,-0.20652710734335158,1.0,0.0,0.0,0.0,0.0,0.0
257,-0.470773117316073,-0.6880613628860104,0.0,0.0,0.0,1.0,0.0,0.0
258,-0.36468272614147723,0.7565414037419574,0.0,0.0,0.0,1.0,0.0,0.0
259,-0.470773117316073,0.27500714819930294,0.0,0.0,0.0,1.0,0.0,0.0
260,-0.470773117316073,0.27500714819930294,0.0,0.0,0.0,1.0,0.0,0.0
261,-0.2585923349668815,-0.6880613628860104,1.0,0.0,0.0,0.0,0.0,0.0
262,0.5901307944298846,1.2380756592846163,1.0,0.0,0.0,0.0,0.0,0.0
263,-0.36468272614147723,-1.6511298739713238,1.0,0.0,0.0,0.0,0.0,0.0
264,-0.470773117316073,1.7196099148272708,0.0,0.0,0.0,0.0,0.0,1.0
265,-0.470773117316073,-0.20652710734335158,0.0,0.0,0.0,1.0,0.0,0.0
266,-0.470773117316073,-0.20652710734335158,1.0,0.0,0.0,0.0,0.0,0.0
267,0.5901307944298846,-0.20652710734335158,0.0,0.0,0.0,0.0,1.0,0.0
268,0.5901307944298846,0.7565414037419574,0.0,0.0,0.0,0.0,1.0,0.0
269,-0.31163753055417936,0.27500714819930294,1.0,0.0,0.0,0.0,0.0,0.0
270,0.05967883855690578,0.7565414037419574,1.0,0.0,0.0,0.0,0.0,0.0
271,-0.470773117316073,-0.6880613628860104,0.0,0.0,0.0,0.0,1.0,0.0
272,-0.470773117316073,-0.6880613628860104,0.0,0.0,0.0,1.0,0.0,0.0
273,-0.31163753055417936,-0.6880613628860104,1.0,0.0,0.0,0.0,0.0,0.0
274,-0.470773117316073,0.7565414037419574,1.0,0.0,0.0,0.0,0.0,0.0
275,-0.04641155261768997,-2.614198385056635,1.0,0.0,0.0,0.0,0.0,0.0
276,-0.2585923349668815,-1.6511298739713238,0.0,0.0,0.0,0.0,1.0,0.0
277,-0.15250194379228574,-0.6880613628860104,0.0,0.0,0.0,0.0,1.0,0.0
278,-0.470773117316073,2.2011441703699295,0.0,0.0,0.0,0.0,0.0,1.0
279,-0.470773117316073,1.7196099148272708,0.0,0.0,0.0,0.0,0.0,1.0
280,-0.470773117316073,2.2011441703699295,0.0,0.0,0.0,0.0,0.0,1.0
281,0.8023115767790762,-3.0957326405992918,0.0,0.0,0.0,0.0,1.0,0.0
282,-0.31163753055417936,-2.1326641295139783,1.0,0.0,0.0,0.0,0.0,0.0
283,-0.470773117316073,0.7565414037419574,0.0,0.0,0.0,0.0,1.0,0.0
284,-0.470773117316073,-0.6880613628860104,0.0,0.0,1.0,0.0,0.0,0.0
285,-0.470773117316073,0.7565414037419574,0.0,0.0,0.0,1.0,0.0,0.0
286,-0.470773117316073,-0.20652710734335158,0.0,0.0,0.0,1.0,0.0,0.0
287,0.05967883855690578,-0.20652710734335158,0.0,0.0,0.0,0.0,1.0,0.0
288,-0.470773117316073,1.7196099148272708,0.0,0.0,0.0,0.0,0.0,1.0
289,-0.2585923349668815,1.2380756592846163,1.0,0.0,0.0,0.0,0.0,0.0
290,-0.36468272614147723,0.7565414037419574,0.0,0.0,0.0,1.0,0.0,0.0
291,0.5901307944298846,-2.1326641295139783,0.0,0.0,0.0,0.0,1.0,0.0
292,-0.470773117316073,0.7565414037419574,1.0,0.0,0.0,0.0,0.0,0.0
293,-0.470773117316073,0.27500714819930294,0.0,0.0,0.0,0.0,1.0,0.0
294,-0.470773117316073,-0.6880613628860104,0.0,0.0,0.0,1.0,0.0,0.0
295,-0.470773117316073,0.7565414037419574,0.0,0.0,0.0,1.0,0.0,0.0
296,1.0144923591282677,-0.20652710734335158,0.0,0.0,0.0,0.0,1.0,0.0
297,5.381172859874625,-0.20652710734335158,1.0,0.0,0.0,0.0,0.0,0.0
298,-0.470773117316073,1.7196099148272708,1.0,0.0,0.0,0.0,0.0,0.0
299,-0.2585923349668815,-0.6880613628860104,1.0,0.0,0.0,0.0,0.0,0.0
300,-0.2585923349668815,-0.20652710734335158,1.0,0.0,0.0,0.0,0.0,0.0
301,0.5901307944298846,-0.20652710734335158,1.0,0.0,0.0,0.0,0.0,0.0
302,-0.470773117316073,1.2380756592846163,0.0,0.0,0.0,0.0,0.0,1.0
303,-0.470773117316073,1.2380756592846163,0.0,0.0,0.0,0.0,0.0,1.0
304,-0.4177279217287751,-0.20652710734335158,1.0,0.0,0.0,0.0,0.0,0.0
305,-0.2585923349668815,0.7565414037419574,1.0,0.0,0.0,0.0,0.0,0.0
306,2.7119386179218,0.7565414037419574,1.0,0.0,0.0,0.0,0.0,0.0
307,-0.36468272614147723,-0.20652710734335158,1.0,0.0,0.0,0.0,0.0,0.0
308,-0.15250194379228574,-0.6880613628860104,1.0,0.0,0.0,0.0,0.0,0.0
309,0.05967883855690578,0.27500714819930294,1.0,0.0,0.0,0.0,0.0,0.0
310,-0.470773117316073,-1.6511298739713238,1.0,0.0,0.0,0.0,0.0,0.0
311,0.05967883855690578,-0.6880613628860104,1.0,0.0,0.0,0.0,0.0,0.0
312,-0.23737425673196233,0.27500714819930294,1.0,0.0,0.0,0.0,0.0,0.0
313,-0.2585923349668815,-0.20652710734335158,1.0,0.0,0.0,0.0,0.0,0.0
314,-0.470773117316073,-1.1695956184286649,1.0,0.0,0.0,0.0,0.0,0.0
315,-0.36468272614147723,-1.1695956184286649,1.0,0.0,0.0,0.0,0.0,0.0
316,-0.2585923349668815,-0.20652710734335158,1.0,0.0,0.0,0.0,0.0,0.0
317,-0.15250194379228574,0.7565414037419574,1.0,0.0,0.0,0.0,0.0,0.0
318,-0.04641155261768997,0.27500714819930294,1.0,0.0,0.0,0.0,0.0,0.0
319,-0.36468272614147723,-0.6880613628860104,1.0,0.0,0.0,0.0,0.0,0.0
320,0.01724268208706748,-2.614198385056635,1.0,0.0,0.0,0.0,0.0,0.0
321,0.16576922973150154,-0.20652710734335158,0.0,0.0,0.0,0.0,1.0,0.0
322,-0.470773117316073,-1.1695956184286649,1.0,0.0,0.0,0.0,0.0,0.0
323,-0.470773117316073,2.2011441703699295,1.0,0.0,0.0,0.0,0.0,0.0
324,-0.15250194379228574,-1.1695956184286649,1.0,0.0,0.0,0.0,0.0,0.0
325,1.1205827503028634,1.2380756592846163,0.0,0.0,0.0,1.0,0.0,0.0
326,-0.2585923349668815,-2.1326641295139783,1.0,0.0,0.0,0.0,0.0,0.0
327,-0.15250194379228574,-0.20652710734335158,0.0,0.0,0.0,0.0,1.0,0.0
328,-0.2585923349668815,0.27500714819930294,1.0,0.0,0.0,0.0,0.0,0.0
329,-0.470773117316073,-0.20652710734335158,1.0,0.0,0.0,0.0,0.0,0.0
330,0.37795001208069307,-0.20652710734335158,0.0,0.0,0.0,1.0,0.0,0.0
331,3.2423905737947787,0.27500714819930294,0.0,0.0,0.0,1.0,0.0,0.0
332,-0.04641155261768997,0.7565414037419574,1.0,0.0,0.0,0.0,0.0,0.0
333,-0.04641155261768997,-0.20652710734335158,0.0,0.0,0.0,0.0,1.0,0.0
334,0.5901307944298846,0.27500714819930294,0.0,0.0,0.0,0.0,1.0,0.0
335,-0.2585923349668815,0.27500714819930294,0.0,0.0,0.0,1.0,0.0,0.0
336,-0.15250194379228574,-0.20652710734335158,0.0,0.0,0.0,0.0,1.0,0.0
337,-0.40711888261131557,-0.6880613628860104,0.0,0.0,0.0,0.0,1.0,0.0
338,-0.2585923349668815,0.7565414037419574,0.0,0.0,0.0,1.0,0.0,0.0
339,0.2718596209060973,0.27500714819930294,0.0,0.0,0.0,1.0,0.0,0.0
340,-0.470773117316073,-2.614198385056635,0.0,0.0,0.0,0.0,1.0,0.0
341,-0.40711888261131557,-0.6880613628860104,1.0,0.0,0.0,0.0,0.0,0.0
342,-0.40711888261131557,0.27500714819930294,0.0,0.0,0.0,0.0,1.0,0.0
343,-0.40711888261131557,-2.1326641295139783,0.0,1.0,0.0,0.0,0.0,0.0
344,-0.40711888261131557,-1.6511298739713238,0.0,1.0,0.0,0.0,0.0,0.0
345,-0.2585923349668815,1.2380756592846163,0.0,0.0,0.0,1.0,0.0,0.0
346,-0.470773117316073,0.7565414037419574,0.0,0.0,0.0,0.0,1.0,0.0
347,-0.470773117316073,-0.20652710734335158,0.0,0.0,0.0,0.0,1.0,0.0
348,-0.04641155261768997,1.2380756592846163,0.0,0.0,0.0,1.0,0.0,0.0
349,-0.36468272614147723,-0.6880613628860104,1.0,0.0,0.0,0.0,0.0,0.0
350,-0.36468272614147723,-2.1326641295139783,0.0,1.0,0.0,0.0,0.0,0.0
351,0.5901307944298846,-0.20652710734335158,0.0,0.0,0.0,1.0,0.0,0.0
352,-0.470773117316073,0.7565414037419574,0.0,0.0,0.0,0.0,0.0,1.0
353,-0.470773117316073,1.2380756592846163,0.0,0.0,0.0,0.0,1.0,0.0
354,-0.2585923349668815,0.7565414037419574,0.0,0.0,0.0,1.0,0.0,0.0
355,1.1205827503028634,0.7565414037419574,1.0,0.0,0.0,0.0,0.0,0.0
356,2.7119386179218,-0.20652710734335158,0.0,0.0,0.0,0.0,1.0,0.0
357,-0.2585923349668815,-1.6511298739713238,1.0,0.0,0.0,0.0,0.0,0.0
358,-0.470773117316073,-1.6511298739713238,0.0,0.0,0.0,0.0,0.0,1.0
359,0.05967883855690578,-0.6880613628860104,1.0,0.0,0.0,0.0,0.0,0.0
360,-0.36468272614147723,-1.6511298739713238,1.0,0.0,0.0,0.0,0.0,0.0
361,-0.2585923349668815,-1.6511298739713238,0.0,0.0,0.0,0.0,1.0,0.0
362,-0.15250194379228574,-0.20652710734335158,1.0,0.0,0.0,0.0,0.0,0.0
363,-0.36468272614147723,-5.021869662769916,0.0,1.0,0.0,0.0,0.0,0.0
364,1.2266731414774592,-1.1695956184286649,0.0,0.0,0.0,0.0,1.0,0.0
365,-0.4177279217287751,-0.6880613628860104,1.0,0.0,0.0,0.0,0.0,0.0
366,-0.04641155261768997,-0.20652710734335158,0.0,0.0,0.0,0.0,1.0,0.0
367,-0.32224656967163895,-0.6880613628860104,1.0,0.0,0.0,0.0,0.0,0.0
368,-0.40711888261131557,0.27500714819930294,1.0,0.0,0.0,0.0,0.0,0.0
369,-0.31163753055417936,-0.20652710734335158,0.0,0.0,0.0,1.0,0.0,0.0
370,-0.36468272614147723,-1.1695956184286649,0.0,0.0,0.0,1.0,0.0,0.0
371,0.05967883855690578,-0.6880613628860104,1.0,0.0,0.0,0.0,0.0,0.0
372,-0.4283369608462347,1.7196099148272708,1.0,0.0,0.0,0.0,0.0,0.0
373,-0.2585923349668815,0.27500714819930294,0.0,0.0,0.0,1.0,0.0,0.0
374,-0.34346464790655806,-0.20652710734335158,1.0,0.0,0.0,0.0,0.0,0.0
375,-0.470773117316073,1.2380756592846163,0.0,0.0,0.0,1.0,0.0,0.0
376,0.16576922973150154,0.27500714819930294,0.0,0.0,0.0,1.0,0.0,0.0
377,0.2718596209060973,0.27500714819930294,0.0,0.0,0.0,0.0,1.0,0.0
378,-0.470773117316073,-1.1695956184286649,0.0,0.0,0.0,0.0,1.0,0.0
379,-0.36468272614147723,-0.6880613628860104,1.0,0.0,0.0,0.0,0.0,0.0
380,-0.470773117316073,1.2380756592846163,0.0,0.0,0.0,0.0,0.0,1.0
381,-0.470773117316073,1.2380756592846163,0.0,0.0,0.0,1.0,0.0,0.0
382,3.7728425296677575,-0.6880613628860104,0.0,0.0,0.0,0.0,1.0,0.0
383,-0.470773117316073,-0.20652710734335158,0.0,0.0,0.0,0.0,1.0,0.0
384,-0.470773117316073,0.27500714819930294,0.0,0.0,0.0,1.0,0.0,0.0
385,-0.470773117316073,-0.20652710734335158,0.0,0.0,0.0,1.0,0.0,0.0
386,-0.2798104132018006,-0.20652710734335158,1.0,0.0,0.0,0.0,0.0,0.0
387,-0.35407368702401765,-0.6880613628860104,1.0,0.0,0.0,0.0,0.0,0.0
388,0.05967883855690578,-0.20652710734335158,1.0,0.0,0.0,0.0,0.0,0.0
389,-0.470773117316073,-1.1695956184286649,1.0,0.0,0.0,0.0,0.0,0.0
390,-0.36468272614147723,-1.6511298739713238,1.0,0.0,0.0,0.0,0.0,0.0
391,-0.31163753055417936,-1.6511298739713238,1.0,0.0,0.0,0.0,0.0,0.0
392,-0.470773117316073,-0.6880613628860104,1.0,0.0,0.0,0.0,0.0,0.0
393,-0.470773117316073,-0.20652710734335158,1.0,0.0,0.0,0.0,0.0,0.0
394,0.2718596209060973,-0.20652710734335158,0.0,0.0,0.0,0.0,1.0,0.0
395,-0.470773117316073,0.7565414037419574,0.0,0.0,0.0,0.0,1.0,0.0
396,-0.15250194379228574,-0.20652710734335158,0.0,0.0,0.0,1.0,0.0,0.0
397,-0.470773117316073,-0.20652710734335158,0.0,0.0,0.0,0.0,1.0,0.0
398,-0.470773117316073,-1.6511298739713238,0.0,0.0,0.0,0.0,1.0,0.0
399,-0.470773117316073,0.27500714819930294,0.0,0.0,0.0,0.0,1.0,0.0
400,-0.470773117316073,-0.6880613628860104,1.0,0.0,0.0,0.0,0.0,0.0
401,-0.470773117316073,-0.6880613628860104,0.0,0.0,0.0,0.0,1.0,0.0
402,-0.470773117316073,0.27500714819930294,0.0,0.0,1.0,0.0,0.0,0.0
403,-0.470773117316073,-1.1695956184286649,0.0,0.0,0.0,0.0,1.0,0.0
404,0.2718596209060973,-1.1695956184286649,0.0,0.0,0.0,0.0,1.0,0.0
405,0.5901307944298846,-0.20652710734335158,0.0,0.0,0.0,0.0,1.0,0.0
406,-0.470773117316073,-0.20652710734335158,1.0,0.0,0.0,0.0,0.0,0.0
407,-0.470773117316073,0.27500714819930294,0.0,0.0,0.0,0.0,1.0,0.0
408,-0.15250194379228574,-0.6880613628860104,1.0,0.0,0.0,0.0,0.0,0.0
409,-0.470773117316073,0.27500714819930294,0.0,0.0,0.0,1.0,0.0,0.0
410,1.5449443150012465,-0.6880613628860104,0.0,0.0,0.0,0.0,1.0,0.0
411,-0.470773117316073,1.2380756592846163,0.0,0.0,0.0,0.0,0.0,1.0
412,-0.470773117316073,2.2011441703699295,0.0,0.0,0.0,0.0,0.0,1.0
413,-0.4283369608462347,0.27500714819930294,0.0,0.0,0.0,1.0,0.0,0.0
414,-0.470773117316073,0.27500714819930294,0.0,0.0,0.0,1.0,0.0,0.0
415,-0.36468272614147723,0.7565414037419574,0.0,0.0,0.0,1.0,0.0,0.0
416,-0.470773117316073,-0.20652710734335158,0.0,0.0,0.0,1.0,0.0,0.0
417,-0.2585923349668815,0.27500714819930294,0.0,0.0,0.0,1.0,0.0,0.0
418,-0.36468272614147723,1.2380756592846163,0.0,0.0,0.0,1.0,0.0,0.0
419,-0.470773117316073,1.2380756592846163,0.0,0.0,0.0,1.0,0.0,0.0
420,-0.470773117316073,0.27500714819930294,0.0,0.0,0.0,1.0,0.0,0.0
421,-0.2585923349668815,-0.20652710734335158,0.0,0.0,0.0,1.0,0.0,0.0
422,-0.470773117316073,0.7565414037419574,0.0,0.0,0.0,1.0,0.0,0.0
423,-0.470773117316073,0.7565414037419574,0.0,0.0,0.0,1.0,0.0,0.0
424,-0.15250194379228574,-1.1695956184286649,0.0,1.0,0.0,0.0,0.0,0.0
425,0.2718596209060973,-1.6511298739713238,0.0,0.0,0.0,0.0,1.0,0.0
426,-0.470773117316073,1.2380756592846163,0.0,0.0,0.0,1.0,0.0,0.0
427,-0.470773117316073,-0.6880613628860104,0.0,0.0,0.0,1.0,0.0,0.0
428,-0.470773117316073,0.7565414037419574,0.0,0.0,0.0,1.0,0.0,0.0
429,-0.470773117316073,0.7565414037419574,0.0,0.0,0.0,1.0,0.0,0.0
430,2.181486662048821,-0.20652710734335158,0.0,0.0,0.0,0.0,1.0,0.0
431,-0.36468272614147723,-1.1695956184286649,0.0,0.0,0.0,0.0,1.0,0.0
432,-0.470773117316073,-0.20652710734335158,0.0,0.0,0.0,0.0,1.0,0.0
433,-0.4283369608462347,-0.20652710734335158,0.0,0.0,0.0,1.0,0.0,0.0
434,-0.470773117316073,0.7565414037419574,0.0,0.0,0.0,0.0,1.0,0.0
435,-0.470773117316073,-0.20652710734335158,0.0,0.0,0.0,0.0,1.0,0.0
436,-0.470773117316073,0.7565414037419574,0.0,0.0,0.0,0.0,1.0,0.0
437,-0.2585923349668815,1.7196099148272708,0.0,0.0,0.0,0.0,0.0,1.0
438,-0.3010284914367198,0.27500714819930294,1.0,0.0,0.0,0.0,0.0,0.0
439,-0.4283369608462347,0.7565414037419574,0.0,0.0,0.0,1.0,0.0,0.0
440,-0.36468272614147723,0.7565414037419574,1.0,0.0,0.0,0.0,0.0,0.0
441,-0.36468272614147723,0.27500714819930294,0.0,1.0,0.0,0.0,0.0,0.0
442,-0.3010284914367198,-1.1695956184286649,0.0,0.0,0.0,0.0,1.0,0.0
443,-0.3859008043763964,-0.6880613628860104,0.0,0.0,0.0,1.0,0.0,0.0
