nama,tipe,provinsi,lat,lon,sumber
Aceh Barat,kabupaten,Aceh,4.45,96.1667,Kemendagri Permendagri 72/2019 (daftar wilayah); BPS Statistik Indonesia; BIG referensi geospasial; koordinat pendekatan registry TravelFit (verifikasi via BIG/OpenStreetMap)
Aceh Besar,kabupaten,Aceh,5.3833,95.5167,Kemendagri Permendagri 72/2019 (daftar wilayah); BPS Statistik Indonesia; BIG referensi geospasial; koordinat pendekatan registry TravelFit (verifikasi via BIG/OpenStreetMap)
Aceh Jaya,kabupaten,Aceh,4.7833,95.6333,Kemendagri Permendagri 72/2019 (daftar wilayah); BPS Statistik Indonesia; BIG referensi geospasial; koordinat pendekatan registry TravelFit (verifikasi via BIG/OpenStreetMap)
Aceh Selatan,kabupaten,Aceh,3.25,97.25,Kemendagri Permendagri 72/2019 (daftar wilayah); BPS Statistik Indonesia; BIG referensi geospasial; koordinat pendekatan registry TravelFit (verifikasi via BIG/OpenStreetMap)
Aceh Singkil,kabupaten,Aceh,2.3333,97.8,Kemendagri Permendagri 72/2019 (daftar wilayah); BPS Statistik Indonesia; BIG referensi geospasial; koordinat pendekatan registry TravelFit (verifikasi via BIG/OpenStreetMap)
Aceh Tengah,kabupaten,Aceh,4.6283,96.8453,Kemendagri Permendagri 72/2019 (daftar wilayah); BPS Statistik Indonesia; BIG referensi geospasial; koordinat pendekatan registry TravelFit (verifikasi via BIG/OpenStreetMap)
Bener Meriah,kabupaten,Aceh,4.7333,96.8667,Kemendagri Permendagri 72/2019 (daftar wilayah); BPS Statistik Indonesia; BIG referensi geospasial; koordinat pendekatan registry TravelFit (verifikasi via BIG/OpenStreetMap)
Kota Banda Aceh,kota,Aceh,5.5483,95.3238,Kemendagri Permendagri 72/2019 (daftar wilayah); BPS Statistik Indonesia; BIG referensi geospasial; koordinat pendekatan registry TravelFit (verifikasi via BIG/OpenStreetMap)
Kota Lhokseumawe,kota,Aceh,5.18,97.14,Kemendagri Permendagri 72/2019 (daftar wilayah); BPS Statistik Indonesia; BIG referensi geospasial; koordinat pendekatan registry TravelFit (verifikasi via BIG/OpenStreetMap)
Kota Sabang,kota,Aceh,5.8933,95.3167,Kemendagri Permendagri 72/2019 (daftar wilayah); BPS Statistik Indonesia; BIG referensi geospasial; koordinat pendekatan registry TravelFit (verifikasi via BIG/OpenStreetMap)
Badung,kabupaten,Bali,-8.5833,115.1833,Kemendagri Permendagri 72/2019 (daftar wilayah); BPS Statistik Indonesia; BIG referensi geospasial; koordinat pendekatan registry TravelFit (verifikasi via BIG/OpenStreetMap)
Bangli,kabupaten,Bali,-8.45,115.35,Kemendagri Permendagri 72/2019 (daftar wilayah); BPS Statistik Indonesia; BIG referensi geospasial; koordinat pendekatan registry TravelFit (verifikasi via BIG/OpenStreetMap)
Buleleng,kabupaten,Bali,-8.1167,115.0833,Kemendagri Permendagri 72/2019 (daftar wilayah); BPS Statistik Indonesia; BIG referensi geospasial; koordinat pendekatan registry TravelFit (verifikasi via BIG/OpenStreetMap)
Denpasar,kota,Bali,-8.6705,115.2126,Kemendagri Permendagri 72/2019 (daftar wilayah); BPS Statistik Indonesia; BIG referensi geospasial; koordinat pendekatan registry TravelFit (verifikasi via BIG/OpenStreetMap)
Gianyar,kabupaten,Bali,-8.5333,115.3333,Kemendagri Permendagri 72/2019 (daftar wilayah); BPS Statistik Indonesia; BIG referensi geospasial; koordinat pendekatan registry TravelFit (verifikasi via BIG/OpenStreetMap)
Jembrana,kabupaten,Bali,-8.3,114.6667,Kemendagri Permendagri 72/2019 (daftar wilayah); BPS Statistik Indonesia; BIG referensi geospasial; koordinat pendekatan registry TravelFit (verifikasi via BIG/OpenStreetMap)
Karangasem,kabupaten,Bali,-8.45,115.6167,Kemendagri Permendagri 72/2019 (daftar wilayah); BPS Statistik Indonesia; BIG referensi geospasial; koordinat pendekatan registry TravelFit (verifikasi via BIG/OpenStreetMap)
Klungkung,kabupaten,Bali,-8.5333,115.4,Kemendagri Permendagri 72/2019 (daftar wilayah); BPS Statistik Indonesia; BIG referensi geospasial; koordinat pendekatan registry TravelFit (verifikasi via BIG/OpenStreetMap)
Kota Denpasar,kota,Bali,-8.6705,115.2126,Kemendagri Permendagri 72/2019 (daftar wilayah); BPS Statistik Indonesia; BIG referensi geospasial; koordinat pendekatan registry TravelFit (verifikasi via BIG/OpenStreetMap)
Tabanan,kabupaten,Bali,-8.5333,115.1167,Kemendagri Permendagri 72/2019 (daftar wilayah); BPS Statistik Indonesia; BIG referensi geospasial; koordinat pendekatan registry TravelFit (verifikasi via BIG/OpenStreetMap)
Kota Cilegon,kota,Banten,-6.0167,106.05,Kemendagri Permendagri 72/2019 (daftar wilayah); BPS Statistik Indonesia; BIG referensi geospasial; koordinat pendekatan registry TravelFit (verifikasi via BIG/OpenStreetMap)
Kota Serang,kota,Banten,-6.12,106.15,Kemendagri Permendagri 72/2019 (daftar wilayah); BPS Statistik Indonesia; BIG referensi geospasial; koordinat pendekatan registry TravelFit (verifikasi via BIG/OpenStreetMap)
Kota Tangerang,kota,Banten,-6.1783,106.6319,Kemendagri Permendagri 72/2019 (daftar wilayah); BPS Statistik Indonesia; BIG referensi geospasial; koordinat pendekatan registry TravelFit (verifikasi via BIG/OpenStreetMap)
Kota Tangerang Selatan,kota,Banten,-6.2889,106.7181,Kemendagri Permendagri 72/2019 (daftar wilayah); BPS Statistik Indonesia; BIG referensi geospasial; koordinat pendekatan registry TravelFit (verifikasi via BIG/OpenStreetMap)
Lebak,kabupaten,Banten,-6.65,106.2167,Kemendagri Permendagri 72/2019 (daftar wilayah); BPS Statistik Indonesia; BIG referensi geospasial; koordinat pendekatan registry TravelFit (verifikasi via BIG/OpenStreetMap)
Pandeglang,kabupaten,Banten,-6.3083,106.1067,Kemendagri Permendagri 72/2019 (daftar wilayah); BPS Statistik Indonesia; BIG referensi geospasial; koordinat pendekatan registry TravelFit (verifikasi via BIG/OpenStreetMap)
Serang,kabupaten,Banten,-6.15,106.05,Kemendagri Permendagri 72/2019 (daftar wilayah); BPS Statistik Indonesia; BIG referensi geospasial; koordinat pendekatan registry TravelFit (verifikasi via BIG/OpenStreetMap)
Tangerang,kabupaten,Banten,-6.2,106.5,Kemendagri Permendagri 72/2019 (daftar wilayah); BPS Statistik Indonesia; BIG referensi geospasial; koordinat pendekatan registry TravelFit (verifikasi via BIG/OpenStreetMap)
Bengkulu Selatan,kabupaten,Bengkulu,-4.4667,102.9,Kemendagri Permendagri 72/2019 (daftar wilayah); BPS Statistik Indonesia; BIG referensi geospasial; koordinat pendekatan registry TravelFit (verifikasi via BIG/OpenStreetMap)
Bengkulu Tengah,kabupaten,Bengkulu,-3.7333,102.4333,Kemendagri Permendagri 72/2019 (daftar wilayah); BPS Statistik Indonesia; BIG referensi geospasial; koordinat pendekatan registry TravelFit (verifikasi via BIG/OpenStreetMap)
Bengkulu Utara,kabupaten,Bengkulu,-3.4333,102.1833,Kemendagri Permendagri 72/2019 (daftar wilayah); BPS Statistik Indonesia; BIG referensi geospasial; koordinat pendekatan registry TravelFit (verifikasi via BIG/OpenStreetMap)
Kaur,kabupaten,Bengkulu,-4.75,103.35,Kemendagri Permendagri 72/2019 (daftar wilayah); BPS Statistik Indonesia; BIG referensi geospasial; koordinat pendekatan registry TravelFit (verifikasi via BIG/OpenStreetMap)
Kepahiang,kabupaten,Bengkulu,-3.65,102.5833,Kemendagri Permendagri 72/2019 (daftar wilayah); BPS Statistik Indonesia; BIG referensi geospasial; koordinat pendekatan registry TravelFit (verifikasi via BIG/OpenStreetMap)
Kota Bengkulu,kota,Bengkulu,-3.8004,102.2655,Kemendagri Permendagri 72/2019 (daftar wilayah); BPS Statistik Indonesia; BIG referensi geospasial; koordinat pendekatan registry TravelFit (verifikasi via BIG/OpenStreetMap)
Lebong,kabupaten,Bengkulu,-3.1833,102.2167,Kemendagri Permendagri 72/2019 (daftar wilayah); BPS Statistik Indonesia; BIG referensi geospasial; koordinat pendekatan registry TravelFit (verifikasi via BIG/OpenStreetMap)
Mukomuko,kabupaten,Bengkulu,-2.5833,101.1167,Kemendagri Permendagri 72/2019 (daftar wilayah); BPS Statistik Indonesia; BIG referensi geospasial; koordinat pendekatan registry TravelFit (verifikasi via BIG/OpenStreetMap)
Rejang Lebong,kabupaten,Bengkulu,-3.4667,102.5333,Kemendagri Permendagri 72/2019 (daftar wilayah); BPS Statistik Indonesia; BIG referensi geospasial; koordinat pendekatan registry TravelFit (verifikasi via BIG/OpenStreetMap)
Seluma,kabupaten,Bengkulu,-4.0833,102.5833,Kemendagri Permendagri 72/2019 (daftar wilayah); BPS Statistik Indonesia; BIG referensi geospasial; koordinat pendekatan registry TravelFit (verifikasi via BIG/OpenStreetMap)
Jakarta,kota,DKI Jakarta,-6.2088,106.8456,Kemendagri Permendagri 72/2019 (daftar wilayah); BPS Statistik Indonesia; BIG referensi geospasial; koordinat pendekatan registry TravelFit (verifikasi via BIG/OpenStreetMap)
Jakarta Barat,kabupaten,DKI Jakarta,-6.1683,106.7589,Kemendagri Permendagri 72/2019 (daftar wilayah); BPS Statistik Indonesia; BIG referensi geospasial; koordinat pendekatan registry TravelFit (verifikasi via BIG/OpenStreetMap)
Jakarta Pusat,kabupaten,DKI Jakarta,-6.1865,106.8341,Kemendagri Permendagri 72/2019 (daftar wilayah); BPS Statistik Indonesia; BIG referensi geospasial; koordinat pendekatan registry TravelFit (verifikasi via BIG/OpenStreetMap)
Jakarta Selatan,kabupaten,DKI Jakarta,-6.2615,106.8106,Kemendagri Permendagri 72/2019 (daftar wilayah); BPS Statistik Indonesia; BIG referensi geospasial; koordinat pendekatan registry TravelFit (verifikasi via BIG/OpenStreetMap)
Jakarta Timur,kabupaten,DKI Jakarta,-6.225,106.9004,Kemendagri Permendagri 72/2019 (daftar wilayah); BPS Statistik Indonesia; BIG referensi geospasial; koordinat pendekatan registry TravelFit (verifikasi via BIG/OpenStreetMap)
Jakarta Utara,kabupaten,DKI Jakarta,-6.1384,106.864,Kemendagri Permendagri 72/2019 (daftar wilayah); BPS Statistik Indonesia; BIG referensi geospasial; koordinat pendekatan registry TravelFit (verifikasi via BIG/OpenStreetMap)
Kepulauan Seribu,kabupaten,DKI Jakarta,-5.6122,106.5614,Kemendagri Permendagri 72/2019 (daftar wilayah); BPS Statistik Indonesia; BIG referensi geospasial; koordinat pendekatan registry TravelFit (verifikasi via BIG/OpenStreetMap)
Bantul,kabupaten,Daerah Istimewa Yogyakarta,-7.8833,110.3333,Kemendagri Permendagri 72/2019 (daftar wilayah); BPS Statistik Indonesia; BIG referensi geospasial; koordinat pendekatan registry TravelFit (verifikasi via BIG/OpenStreetMap)
Gunungkidul,kabupaten,Daerah Istimewa Yogyakarta,-7.9667,110.6,Kemendagri Permendagri 72/2019 (daftar wilayah); BPS Statistik Indonesia; BIG referensi geospasial; koordinat pendekatan registry TravelFit (verifikasi via BIG/OpenStreetMap)
Kota Yogyakarta,kota,Daerah Istimewa Yogyakarta,-7.7956,110.3695,Kemendagri Permendagri 72/2019 (daftar wilayah); BPS Statistik Indonesia; BIG referensi geospasial; koordinat pendekatan registry TravelFit (verifikasi via BIG/OpenStreetMap)
Kulon Progo,kabupaten,Daerah Istimewa Yogyakarta,-7.7667,110.1667,Kemendagri Permendagri 72/2019 (daftar wilayah); BPS Statistik Indonesia; BIG referensi geospasial; koordinat pendekatan registry TravelFit (verifikasi via BIG/OpenStreetMap)
Sleman,kabupaten,Daerah Istimewa Yogyakarta,-7.7167,110.35,Kemendagri Permendagri 72/2019 (daftar wilayah); BPS Statistik Indonesia; BIG referensi geospasial; koordinat pendekatan registry TravelFit (verifikasi via BIG/OpenStreetMap)
Yogyakarta,kota,Daerah Istimewa Yogyakarta,-7.7956,110.3695,Kemendagri Permendagri 72/2019 (daftar wilayah); BPS Statistik Indonesia; BIG referensi geospasial; koordinat pendekatan registry TravelFit (verifikasi via BIG/OpenStreetMap)
Boalemo Tilamuta,kabupaten,Gorontalo,0.65,122.3333,Kemendagri Permendagri 72/2019 (daftar wilayah); BPS Statistik Indonesia; BIG referensi geospasial; koordinat pendekatan registry TravelFit (verifikasi via BIG/OpenStreetMap)
Bone Bolango Suwawa,kabupaten,Gorontalo,0.5333,123.1833,Kemendagri Permendagri 72/2019 (daftar wilayah); BPS Statistik Indonesia; BIG referensi geospasial; koordinat pendekatan registry TravelFit (verifikasi via BIG/OpenStreetMap)
Gorontalo Limboto,kabupaten,Gorontalo,0.6333,122.9833,Kemendagri Permendagri 72/2019 (daftar wilayah); BPS Statistik Indonesia; BIG referensi geospasial; koordinat pendekatan registry TravelFit (verifikasi via BIG/OpenStreetMap)
Gorontalo Utara Kwandang,kabupaten,Gorontalo,0.8333,122.9,Kemendagri Permendagri 72/2019 (daftar wilayah); BPS Statistik Indonesia; BIG referensi geospasial; koordinat pendekatan registry TravelFit (verifikasi via BIG/OpenStreetMap)
Kota Gorontalo,kota,Gorontalo,0.5435,123.0568,Kemendagri Permendagri 72/2019 (daftar wilayah); BPS Statistik Indonesia; BIG referensi geospasial; koordinat pendekatan registry TravelFit (verifikasi via BIG/OpenStreetMap)
Pohuwato Marisa,kabupaten,Gorontalo,0.45,121.9333,Kemendagri Permendagri 72/2019 (daftar wilayah); BPS Statistik Indonesia; BIG referensi geospasial; koordinat pendekatan registry TravelFit (verifikasi via BIG/OpenStreetMap)
Batanghari,kabupaten,Jambi,-1.75,103.1,Kemendagri Permendagri 72/2019 (daftar wilayah); BPS Statistik Indonesia; BIG referensi geospasial; koordinat pendekatan registry TravelFit (verifikasi via BIG/OpenStreetMap)
Bungo,kabupaten,Jambi,-1.5,102.0,Kemendagri Permendagri 72/2019 (daftar wilayah); BPS Statistik Indonesia; BIG referensi geospasial; koordinat pendekatan registry TravelFit (verifikasi via BIG/OpenStreetMap)
Kerinci,kabupaten,Jambi,-2.0833,101.5,Kemendagri Permendagri 72/2019 (daftar wilayah); BPS Statistik Indonesia; BIG referensi geospasial; koordinat pendekatan registry TravelFit (verifikasi via BIG/OpenStreetMap)
Kota Jambi,kota,Jambi,-1.6101,103.6131,Kemendagri Permendagri 72/2019 (daftar wilayah); BPS Statistik Indonesia; BIG referensi geospasial; koordinat pendekatan registry TravelFit (verifikasi via BIG/OpenStreetMap)
Kota Sungai Penuh,kota,Jambi,-2.0667,101.4,Kemendagri Permendagri 72/2019 (daftar wilayah); BPS Statistik Indonesia; BIG referensi geospasial; koordinat pendekatan registry TravelFit (verifikasi via BIG/OpenStreetMap)
Merangin,kabupaten,Jambi,-2.25,102.2,Kemendagri Permendagri 72/2019 (daftar wilayah); BPS Statistik Indonesia; BIG referensi geospasial; koordinat pendekatan registry TravelFit (verifikasi via BIG/OpenStreetMap)
Muaro Jambi,kabupaten,Jambi,-1.55,103.8,Kemendagri Permendagri 72/2019 (daftar wilayah); BPS Statistik Indonesia; BIG referensi geospasial; koordinat pendekatan registry TravelFit (verifikasi via BIG/OpenStreetMap)
Sarolangun,kabupaten,Jambi,-2.3,102.65,Kemendagri Permendagri 72/2019 (daftar wilayah); BPS Statistik Indonesia; BIG referensi geospasial; koordinat pendekatan registry TravelFit (verifikasi via BIG/OpenStreetMap)
Tanjung Jabung Barat,kabupaten,Jambi,-1.1,103.35,Kemendagri Permendagri 72/2019 (daftar wilayah); BPS Statistik Indonesia; BIG referensi geospasial; koordinat pendekatan registry TravelFit (verifikasi via BIG/OpenStreetMap)
Tanjung Jabung Timur,kabupaten,Jambi,-1.25,103.85,Kemendagri Permendagri 72/2019 (daftar wilayah); BPS Statistik Indonesia; BIG referensi geospasial; koordinat pendekatan registry TravelFit (verifikasi via BIG/OpenStreetMap)
Bandung,kota,Jawa Barat,-6.9175,107.6191,Kemendagri Permendagri 72/2019 (daftar wilayah); BPS Statistik Indonesia; BIG referensi geospasial; koordinat pendekatan registry TravelFit (verifikasi via BIG/OpenStreetMap)
Bandung Barat,kabupaten,Jawa Barat,-6.85,107.5,Kemendagri Permendagri 72/2019 (daftar wilayah); BPS Statistik Indonesia; BIG referensi geospasial; koordinat pendekatan registry TravelFit (verifikasi via BIG/OpenStreetMap)
Bogor,kabupaten,Jawa Barat,-6.595,106.789,Kemendagri Permendagri 72/2019 (daftar wilayah); BPS Statistik Indonesia; BIG referensi geospasial; koordinat pendekatan registry TravelFit (verifikasi via BIG/OpenStreetMap)
Cianjur,kabupaten,Jawa Barat,-6.82,107.14,Kemendagri Permendagri 72/2019 (daftar wilayah); BPS Statistik Indonesia; BIG referensi geospasial; koordinat pendekatan registry TravelFit (verifikasi via BIG/OpenStreetMap)
Cirebon,kabupaten,Jawa Barat,-6.72,108.56,Kemendagri Permendagri 72/2019 (daftar wilayah); BPS Statistik Indonesia; BIG referensi geospasial; koordinat pendekatan registry TravelFit (verifikasi via BIG/OpenStreetMap)
Garut,kabupaten,Jawa Barat,-7.21,107.9,Kemendagri Permendagri 72/2019 (daftar wilayah); BPS Statistik Indonesia; BIG referensi geospasial; koordinat pendekatan registry TravelFit (verifikasi via BIG/OpenStreetMap)
Kota Bandung,kota,Jawa Barat,-6.9175,107.6191,Kemendagri Permendagri 72/2019 (daftar wilayah); BPS Statistik Indonesia; BIG referensi geospasial; koordinat pendekatan registry TravelFit (verifikasi via BIG/OpenStreetMap)
Kota Bogor,kota,Jawa Barat,-6.5971,106.7949,Kemendagri Permendagri 72/2019 (daftar wilayah); BPS Statistik Indonesia; BIG referensi geospasial; koordinat pendekatan registry TravelFit (verifikasi via BIG/OpenStreetMap)
Kuningan,kabupaten,Jawa Barat,-6.98,108.48,Kemendagri Permendagri 72/2019 (daftar wilayah); BPS Statistik Indonesia; BIG referensi geospasial; koordinat pendekatan registry TravelFit (verifikasi via BIG/OpenStreetMap)
Pangandaran,kabupaten,Jawa Barat,-7.695,108.655,Kemendagri Permendagri 72/2019 (daftar wilayah); BPS Statistik Indonesia; BIG referensi geospasial; koordinat pendekatan registry TravelFit (verifikasi via BIG/OpenStreetMap)
Sukabumi,kabupaten,Jawa Barat,-6.92,106.93,Kemendagri Permendagri 72/2019 (daftar wilayah); BPS Statistik Indonesia; BIG referensi geospasial; koordinat pendekatan registry TravelFit (verifikasi via BIG/OpenStreetMap)
Banyumas,kabupaten,Jawa Tengah,-7.5167,109.2833,Kemendagri Permendagri 72/2019 (daftar wilayah); BPS Statistik Indonesia; BIG referensi geospasial; koordinat pendekatan registry TravelFit (verifikasi via BIG/OpenStreetMap)
Jepara,kabupaten,Jawa Tengah,-6.5833,110.6667,Kemendagri Permendagri 72/2019 (daftar wilayah); BPS Statistik Indonesia; BIG referensi geospasial; koordinat pendekatan registry TravelFit (verifikasi via BIG/OpenStreetMap)
Karanganyar,kabupaten,Jawa Tengah,-7.6,110.95,Kemendagri Permendagri 72/2019 (daftar wilayah); BPS Statistik Indonesia; BIG referensi geospasial; koordinat pendekatan registry TravelFit (verifikasi via BIG/OpenStreetMap)
Kebumen,kabupaten,Jawa Tengah,-7.6667,109.65,Kemendagri Permendagri 72/2019 (daftar wilayah); BPS Statistik Indonesia; BIG referensi geospasial; koordinat pendekatan registry TravelFit (verifikasi via BIG/OpenStreetMap)
Klaten,kabupaten,Jawa Tengah,-7.7,110.6,Kemendagri Permendagri 72/2019 (daftar wilayah); BPS Statistik Indonesia; BIG referensi geospasial; koordinat pendekatan registry TravelFit (verifikasi via BIG/OpenStreetMap)
Kota Semarang,kota,Jawa Tengah,-6.9667,110.4167,Kemendagri Permendagri 72/2019 (daftar wilayah); BPS Statistik Indonesia; BIG referensi geospasial; koordinat pendekatan registry TravelFit (verifikasi via BIG/OpenStreetMap)
Kota Surakarta Solo,kota,Jawa Tengah,-7.5667,110.8167,Kemendagri Permendagri 72/2019 (daftar wilayah); BPS Statistik Indonesia; BIG referensi geospasial; koordinat pendekatan registry TravelFit (verifikasi via BIG/OpenStreetMap)
Magelang,kabupaten,Jawa Tengah,-7.4833,110.2167,Kemendagri Permendagri 72/2019 (daftar wilayah); BPS Statistik Indonesia; BIG referensi geospasial; koordinat pendekatan registry TravelFit (verifikasi via BIG/OpenStreetMap)
Pekalongan,kabupaten,Jawa Tengah,-6.8833,109.6667,Kemendagri Permendagri 72/2019 (daftar wilayah); BPS Statistik Indonesia; BIG referensi geospasial; koordinat pendekatan registry TravelFit (verifikasi via BIG/OpenStreetMap)
Semarang,kota,Jawa Tengah,-6.9667,110.4167,Kemendagri Permendagri 72/2019 (daftar wilayah); BPS Statistik Indonesia; BIG referensi geospasial; koordinat pendekatan registry TravelFit (verifikasi via BIG/OpenStreetMap)
Wonosobo,kabupaten,Jawa Tengah,-7.3667,109.9,Kemendagri Permendagri 72/2019 (daftar wilayah); BPS Statistik Indonesia; BIG referensi geospasial; koordinat pendekatan registry TravelFit (verifikasi via BIG/OpenStreetMap)
Banyuwangi,kabupaten,Jawa Timur,-8.2167,114.3667,Kemendagri Permendagri 72/2019 (daftar wilayah); BPS Statistik Indonesia; BIG referensi geospasial; koordinat pendekatan registry TravelFit (verifikasi via BIG/OpenStreetMap)
Blitar,kabupaten,Jawa Timur,-8.1,112.1667,Kemendagri Permendagri 72/2019 (daftar wilayah); BPS Statistik Indonesia; BIG referensi geospasial; koordinat pendekatan registry TravelFit (verifikasi via BIG/OpenStreetMap)
Jember,kabupaten,Jawa Timur,-8.17,113.7,Kemendagri Permendagri 72/2019 (daftar wilayah); BPS Statistik Indonesia; BIG referensi geospasial; koordinat pendekatan registry TravelFit (verifikasi via BIG/OpenStreetMap)
Kota Batu,kota,Jawa Timur,-7.87,112.52,Kemendagri Permendagri 72/2019 (daftar wilayah); BPS Statistik Indonesia; BIG referensi geospasial; koordinat pendekatan registry TravelFit (verifikasi via BIG/OpenStreetMap)
Kota Malang,kota,Jawa Timur,-7.9797,112.6304,Kemendagri Permendagri 72/2019 (daftar wilayah); BPS Statistik Indonesia; BIG referensi geospasial; koordinat pendekatan registry TravelFit (verifikasi via BIG/OpenStreetMap)
Kota Surabaya,kota,Jawa Timur,-7.2575,112.7521,Kemendagri Permendagri 72/2019 (daftar wilayah); BPS Statistik Indonesia; BIG referensi geospasial; koordinat pendekatan registry TravelFit (verifikasi via BIG/OpenStreetMap)
Mojokerto,kabupaten,Jawa Timur,-7.47,112.43,Kemendagri Permendagri 72/2019 (daftar wilayah); BPS Statistik Indonesia; BIG referensi geospasial; koordinat pendekatan registry TravelFit (verifikasi via BIG/OpenStreetMap)
Pacitan,kabupaten,Jawa Timur,-8.2,111.1,Kemendagri Permendagri 72/2019 (daftar wilayah); BPS Statistik Indonesia; BIG referensi geospasial; koordinat pendekatan registry TravelFit (verifikasi via BIG/OpenStreetMap)
Pasuruan,kabupaten,Jawa Timur,-7.6467,112.9067,Kemendagri Permendagri 72/2019 (daftar wilayah); BPS Statistik Indonesia; BIG referensi geospasial; koordinat pendekatan registry TravelFit (verifikasi via BIG/OpenStreetMap)
Probolinggo,kabupaten,Jawa Timur,-7.75,113.2167,Kemendagri Permendagri 72/2019 (daftar wilayah); BPS Statistik Indonesia; BIG referensi geospasial; koordinat pendekatan registry TravelFit (verifikasi via BIG/OpenStreetMap)
Surabaya,kota,Jawa Timur,-7.2575,112.7521,Kemendagri Permendagri 72/2019 (daftar wilayah); BPS Statistik Indonesia; BIG referensi geospasial; koordinat pendekatan registry TravelFit (verifikasi via BIG/OpenStreetMap)
Bengkayang,kabupaten,Kalimantan Barat,0.8167,109.65,Kemendagri Permendagri 72/2019 (daftar wilayah); BPS Statistik Indonesia; BIG referensi geospasial; koordinat pendekatan registry TravelFit (verifikasi via BIG/OpenStreetMap)
Kapuas Hulu Putussibau,kabupaten,Kalimantan Barat,0.8667,112.9333,Kemendagri Permendagri 72/2019 (daftar wilayah); BPS Statistik Indonesia; BIG referensi geospasial; koordinat pendekatan registry TravelFit (verifikasi via BIG/OpenStreetMap)
Ketapang,kabupaten,Kalimantan Barat,-1.85,109.9833,Kemendagri Permendagri 72/2019 (daftar wilayah); BPS Statistik Indonesia; BIG referensi geospasial; koordinat pendekatan registry TravelFit (verifikasi via BIG/OpenStreetMap)
Kota Pontianak,kota,Kalimantan Barat,-0.0263,109.3425,Kemendagri Permendagri 72/2019 (daftar wilayah); BPS Statistik Indonesia; BIG referensi geospasial; koordinat pendekatan registry TravelFit (verifikasi via BIG/OpenStreetMap)
Kota Singkawang,kota,Kalimantan Barat,0.9,108.9833,Kemendagri Permendagri 72/2019 (daftar wilayah); BPS Statistik Indonesia; BIG referensi geospasial; koordinat pendekatan registry TravelFit (verifikasi via BIG/OpenStreetMap)
Kubu Raya,kabupaten,Kalimantan Barat,-0.15,109.3833,Kemendagri Permendagri 72/2019 (daftar wilayah); BPS Statistik Indonesia; BIG referensi geospasial; koordinat pendekatan registry TravelFit (verifikasi via BIG/OpenStreetMap)
Landak Ngabang,kabupaten,Kalimantan Barat,0.4,109.75,Kemendagri Permendagri 72/2019 (daftar wilayah); BPS Statistik Indonesia; BIG referensi geospasial; koordinat pendekatan registry TravelFit (verifikasi via BIG/OpenStreetMap)
Mempawah,kabupaten,Kalimantan Barat,0.3667,108.95,Kemendagri Permendagri 72/2019 (daftar wilayah); BPS Statistik Indonesia; BIG referensi geospasial; koordinat pendekatan registry TravelFit (verifikasi via BIG/OpenStreetMap)
Sambas,kabupaten,Kalimantan Barat,1.3667,109.3,Kemendagri Permendagri 72/2019 (daftar wilayah); BPS Statistik Indonesia; BIG referensi geospasial; koordinat pendekatan registry TravelFit (verifikasi via BIG/OpenStreetMap)
Sintang,kabupaten,Kalimantan Barat,0.0667,111.5,Kemendagri Permendagri 72/2019 (daftar wilayah); BPS Statistik Indonesia; BIG referensi geospasial; koordinat pendekatan registry TravelFit (verifikasi via BIG/OpenStreetMap)
Banjar Martapura,kabupaten,Kalimantan Selatan,-3.4167,114.9833,Kemendagri Permendagri 72/2019 (daftar wilayah); BPS Statistik Indonesia; BIG referensi geospasial; koordinat pendekatan registry TravelFit (verifikasi via BIG/OpenStreetMap)
Hulu Sungai Selatan Kandangan,kabupaten,Kalimantan Selatan,-2.75,115.25,Kemendagri Permendagri 72/2019 (daftar wilayah); BPS Statistik Indonesia; BIG referensi geospasial; koordinat pendekatan registry TravelFit (verifikasi via BIG/OpenStreetMap)
Hulu Sungai Tengah Barabai,kabupaten,Kalimantan Selatan,-2.6,115.4167,Kemendagri Permendagri 72/2019 (daftar wilayah); BPS Statistik Indonesia; BIG referensi geospasial; koordinat pendekatan registry TravelFit (verifikasi via BIG/OpenStreetMap)
Kota Banjarbaru,kota,Kalimantan Selatan,-3.44,114.83,Kemendagri Permendagri 72/2019 (daftar wilayah); BPS Statistik Indonesia; BIG referensi geospasial; koordinat pendekatan registry TravelFit (verifikasi via BIG/OpenStreetMap)
Kota Banjarmasin,kota,Kalimantan Selatan,-3.3194,114.5908,Kemendagri Permendagri 72/2019 (daftar wilayah); BPS Statistik Indonesia; BIG referensi geospasial; koordinat pendekatan registry TravelFit (verifikasi via BIG/OpenStreetMap)
Kotabaru,kabupaten,Kalimantan Selatan,-3.25,116.2167,Kemendagri Permendagri 72/2019 (daftar wilayah); BPS Statistik Indonesia; BIG referensi geospasial; koordinat pendekatan registry TravelFit (verifikasi via BIG/OpenStreetMap)
Tabalong Tanjung,kabupaten,Kalimantan Selatan,-1.9,115.5,Kemendagri Permendagri 72/2019 (daftar wilayah); BPS Statistik Indonesia; BIG referensi geospasial; koordinat pendekatan registry TravelFit (verifikasi via BIG/OpenStreetMap)
Tanah Bumbu Batulicin,kabupaten,Kalimantan Selatan,-3.45,115.9833,Kemendagri Permendagri 72/2019 (daftar wilayah); BPS Statistik Indonesia; BIG referensi geospasial; koordinat pendekatan registry TravelFit (verifikasi via BIG/OpenStreetMap)
Tanah Laut Pelaihari,kabupaten,Kalimantan Selatan,-3.8,114.7667,Kemendagri Permendagri 72/2019 (daftar wilayah); BPS Statistik Indonesia; BIG referensi geospasial; koordinat pendekatan registry TravelFit (verifikasi via BIG/OpenStreetMap)
Tapin Rantau,kabupaten,Kalimantan Selatan,-2.9167,115.15,Kemendagri Permendagri 72/2019 (daftar wilayah); BPS Statistik Indonesia; BIG referensi geospasial; koordinat pendekatan registry TravelFit (verifikasi via BIG/OpenStreetMap)
Barito Selatan Buntok,kabupaten,Kalimantan Tengah,-1.7167,114.8333,Kemendagri Permendagri 72/2019 (daftar wilayah); BPS Statistik Indonesia; BIG referensi geospasial; koordinat pendekatan registry TravelFit (verifikasi via BIG/OpenStreetMap)
Barito Utara Muara Teweh,kabupaten,Kalimantan Tengah,-0.95,114.9,Kemendagri Permendagri 72/2019 (daftar wilayah); BPS Statistik Indonesia; BIG referensi geospasial; koordinat pendekatan registry TravelFit (verifikasi via BIG/OpenStreetMap)
Kapuas Kuala Kapuas,kabupaten,Kalimantan Tengah,-3.0,114.3833,Kemendagri Permendagri 72/2019 (daftar wilayah); BPS Statistik Indonesia; BIG referensi geospasial; koordinat pendekatan registry TravelFit (verifikasi via BIG/OpenStreetMap)
Katingan Kasongan,kabupaten,Kalimantan Tengah,-1.9,113.3833,Kemendagri Permendagri 72/2019 (daftar wilayah); BPS Statistik Indonesia; BIG referensi geospasial; koordinat pendekatan registry TravelFit (verifikasi via BIG/OpenStreetMap)
Kota Palangka Raya,kota,Kalimantan Tengah,-2.2083,113.9167,Kemendagri Permendagri 72/2019 (daftar wilayah); BPS Statistik Indonesia; BIG referensi geospasial; koordinat pendekatan registry TravelFit (verifikasi via BIG/OpenStreetMap)
Kotawaringin Barat Pangkalan Bun,kabupaten,Kalimantan Tengah,-2.6833,111.6167,Kemendagri Permendagri 72/2019 (daftar wilayah); BPS Statistik Indonesia; BIG referensi geospasial; koordinat pendekatan registry TravelFit (verifikasi via BIG/OpenStreetMap)
Kotawaringin Timur Sampit,kabupaten,Kalimantan Tengah,-2.5333,112.95,Kemendagri Permendagri 72/2019 (daftar wilayah); BPS Statistik Indonesia; BIG referensi geospasial; koordinat pendekatan registry TravelFit (verifikasi via BIG/OpenStreetMap)
Lamandau Nanga Bulik,kabupaten,Kalimantan Tengah,-1.8333,111.2833,Kemendagri Permendagri 72/2019 (daftar wilayah); BPS Statistik Indonesia; BIG referensi geospasial; koordinat pendekatan registry TravelFit (verifikasi via BIG/OpenStreetMap)
Murung Raya Puruk Cahu,kabupaten,Kalimantan Tengah,-0.6167,114.5833,Kemendagri Permendagri 72/2019 (daftar wilayah); BPS Statistik Indonesia; BIG referensi geospasial; koordinat pendekatan registry TravelFit (verifikasi via BIG/OpenStreetMap)
Sukamara,kabupaten,Kalimantan Tengah,-2.6333,111.2333,Kemendagri Permendagri 72/2019 (daftar wilayah); BPS Statistik Indonesia; BIG referensi geospasial; koordinat pendekatan registry TravelFit (verifikasi via BIG/OpenStreetMap)
Berau Tanjung Redeb,kabupaten,Kalimantan Timur,2.15,117.4833,Kemendagri Permendagri 72/2019 (daftar wilayah); BPS Statistik Indonesia; BIG referensi geospasial; koordinat pendekatan registry TravelFit (verifikasi via BIG/OpenStreetMap)
Kota Balikpapan,kota,Kalimantan Timur,-1.2654,116.8312,Kemendagri Permendagri 72/2019 (daftar wilayah); BPS Statistik Indonesia; BIG referensi geospasial; koordinat pendekatan registry TravelFit (verifikasi via BIG/OpenStreetMap)
Kota Bontang,kota,Kalimantan Timur,0.1333,117.5,Kemendagri Permendagri 72/2019 (daftar wilayah); BPS Statistik Indonesia; BIG referensi geospasial; koordinat pendekatan registry TravelFit (verifikasi via BIG/OpenStreetMap)
Kota Samarinda,kota,Kalimantan Timur,-0.5022,117.1536,Kemendagri Permendagri 72/2019 (daftar wilayah); BPS Statistik Indonesia; BIG referensi geospasial; koordinat pendekatan registry TravelFit (verifikasi via BIG/OpenStreetMap)
Kutai Barat Sendawar,kabupaten,Kalimantan Timur,-0.2333,115.7,Kemendagri Permendagri 72/2019 (daftar wilayah); BPS Statistik Indonesia; BIG referensi geospasial; koordinat pendekatan registry TravelFit (verifikasi via BIG/OpenStreetMap)
Kutai Kartanegara Tenggarong,kabupaten,Kalimantan Timur,-0.4167,116.9833,Kemendagri Permendagri 72/2019 (daftar wilayah); BPS Statistik Indonesia; BIG referensi geospasial; koordinat pendekatan registry TravelFit (verifikasi via BIG/OpenStreetMap)
Kutai Timur Sangatta,kabupaten,Kalimantan Timur,0.5333,117.55,Kemendagri Permendagri 72/2019 (daftar wilayah); BPS Statistik Indonesia; BIG referensi geospasial; koordinat pendekatan registry TravelFit (verifikasi via BIG/OpenStreetMap)
Mahakam Ulu Ujoh Bilang,kabupaten,Kalimantan Timur,0.7,115.3,Kemendagri Permendagri 72/2019 (daftar wilayah); BPS Statistik Indonesia; BIG referensi geospasial; koordinat pendekatan registry TravelFit (verifikasi via BIG/OpenStreetMap)
Paser Tanah Grogot,kabupaten,Kalimantan Timur,-1.9,116.15,Kemendagri Permendagri 72/2019 (daftar wilayah); BPS Statistik Indonesia; BIG referensi geospasial; koordinat pendekatan registry TravelFit (verifikasi via BIG/OpenStreetMap)
Penajam Paser Utara (IKN),kabupaten,Kalimantan Timur,-1.2833,116.7167,Kemendagri Permendagri 72/2019 (daftar wilayah); BPS Statistik Indonesia; BIG referensi geospasial; koordinat pendekatan registry TravelFit (verifikasi via BIG/OpenStreetMap)
Bulungan Tanjung Selor,kabupaten,Kalimantan Utara,2.85,117.3667,Kemendagri Permendagri 72/2019 (daftar wilayah); BPS Statistik Indonesia; BIG referensi geospasial; koordinat pendekatan registry TravelFit (verifikasi via BIG/OpenStreetMap)
Kota Tarakan,kota,Kalimantan Utara,3.3,117.6333,Kemendagri Permendagri 72/2019 (daftar wilayah); BPS Statistik Indonesia; BIG referensi geospasial; koordinat pendekatan registry TravelFit (verifikasi via BIG/OpenStreetMap)
Malinau,kabupaten,Kalimantan Utara,3.5833,116.6333,Kemendagri Permendagri 72/2019 (daftar wilayah); BPS Statistik Indonesia; BIG referensi geospasial; koordinat pendekatan registry TravelFit (verifikasi via BIG/OpenStreetMap)
Nunukan,kabupaten,Kalimantan Utara,4.1333,117.6667,Kemendagri Permendagri 72/2019 (daftar wilayah); BPS Statistik Indonesia; BIG referensi geospasial; koordinat pendekatan registry TravelFit (verifikasi via BIG/OpenStreetMap)
Tana Tidung Tideng Pale,kabupaten,Kalimantan Utara,3.55,117.25,Kemendagri Permendagri 72/2019 (daftar wilayah); BPS Statistik Indonesia; BIG referensi geospasial; koordinat pendekatan registry TravelFit (verifikasi via BIG/OpenStreetMap)
Bangka,kabupaten,Kepulauan Bangka Belitung,-1.85,106.1167,Kemendagri Permendagri 72/2019 (daftar wilayah); BPS Statistik Indonesia; BIG referensi geospasial; koordinat pendekatan registry TravelFit (verifikasi via BIG/OpenStreetMap)
Bangka Barat,kabupaten,Kepulauan Bangka Belitung,-2.0667,105.1667,Kemendagri Permendagri 72/2019 (daftar wilayah); BPS Statistik Indonesia; BIG referensi geospasial; koordinat pendekatan registry TravelFit (verifikasi via BIG/OpenStreetMap)
Bangka Selatan,kabupaten,Kepulauan Bangka Belitung,-2.9833,106.45,Kemendagri Permendagri 72/2019 (daftar wilayah); BPS Statistik Indonesia; BIG referensi geospasial; koordinat pendekatan registry TravelFit (verifikasi via BIG/OpenStreetMap)
Bangka Tengah,kabupaten,Kepulauan Bangka Belitung,-2.4833,106.2167,Kemendagri Permendagri 72/2019 (daftar wilayah); BPS Statistik Indonesia; BIG referensi geospasial; koordinat pendekatan registry TravelFit (verifikasi via BIG/OpenStreetMap)
Belitung,kabupaten,Kepulauan Bangka Belitung,-2.7333,107.65,Kemendagri Permendagri 72/2019 (daftar wilayah); BPS Statistik Indonesia; BIG referensi geospasial; koordinat pendekatan registry TravelFit (verifikasi via BIG/OpenStreetMap)
Belitung Timur,kabupaten,Kepulauan Bangka Belitung,-2.8833,108.2667,Kemendagri Permendagri 72/2019 (daftar wilayah); BPS Statistik Indonesia; BIG referensi geospasial; koordinat pendekatan registry TravelFit (verifikasi via BIG/OpenStreetMap)
Kota Pangkal Pinang,kota,Kepulauan Bangka Belitung,-2.1333,106.1167,Kemendagri Permendagri 72/2019 (daftar wilayah); BPS Statistik Indonesia; BIG referensi geospasial; koordinat pendekatan registry TravelFit (verifikasi via BIG/OpenStreetMap)
Bintan,kabupaten,Kepulauan Riau,1.15,104.55,Kemendagri Permendagri 72/2019 (daftar wilayah); BPS Statistik Indonesia; BIG referensi geospasial; koordinat pendekatan registry TravelFit (verifikasi via BIG/OpenStreetMap)
Karimun,kabupaten,Kepulauan Riau,0.9833,103.4333,Kemendagri Permendagri 72/2019 (daftar wilayah); BPS Statistik Indonesia; BIG referensi geospasial; koordinat pendekatan registry TravelFit (verifikasi via BIG/OpenStreetMap)
Kepulauan Anambas,kabupaten,Kepulauan Riau,3.1,106.25,Kemendagri Permendagri 72/2019 (daftar wilayah); BPS Statistik Indonesia; BIG referensi geospasial; koordinat pendekatan registry TravelFit (verifikasi via BIG/OpenStreetMap)
Kota Batam,kota,Kepulauan Riau,1.1301,104.0529,Kemendagri Permendagri 72/2019 (daftar wilayah); BPS Statistik Indonesia; BIG referensi geospasial; koordinat pendekatan registry TravelFit (verifikasi via BIG/OpenStreetMap)
Kota Tanjung Pinang,kota,Kepulauan Riau,0.9167,104.45,Kemendagri Permendagri 72/2019 (daftar wilayah); BPS Statistik Indonesia; BIG referensi geospasial; koordinat pendekatan registry TravelFit (verifikasi via BIG/OpenStreetMap)
Lingga,kabupaten,Kepulauan Riau,-0.2,104.6,Kemendagri Permendagri 72/2019 (daftar wilayah); BPS Statistik Indonesia; BIG referensi geospasial; koordinat pendekatan registry TravelFit (verifikasi via BIG/OpenStreetMap)
Natuna,kabupaten,Kepulauan Riau,3.9,108.25,Kemendagri Permendagri 72/2019 (daftar wilayah); BPS Statistik Indonesia; BIG referensi geospasial; koordinat pendekatan registry TravelFit (verifikasi via BIG/OpenStreetMap)
Kota Bandar Lampung,kota,Lampung,-5.4292,105.2625,Kemendagri Permendagri 72/2019 (daftar wilayah); BPS Statistik Indonesia; BIG referensi geospasial; koordinat pendekatan registry TravelFit (verifikasi via BIG/OpenStreetMap)
Kota Metro,kota,Lampung,-5.1133,105.3067,Kemendagri Permendagri 72/2019 (daftar wilayah); BPS Statistik Indonesia; BIG referensi geospasial; koordinat pendekatan registry TravelFit (verifikasi via BIG/OpenStreetMap)
Lampung Barat,kabupaten,Lampung,-5.0333,104.1,Kemendagri Permendagri 72/2019 (daftar wilayah); BPS Statistik Indonesia; BIG referensi geospasial; koordinat pendekatan registry TravelFit (verifikasi via BIG/OpenStreetMap)
Lampung Selatan,kabupaten,Lampung,-5.7333,105.5833,Kemendagri Permendagri 72/2019 (daftar wilayah); BPS Statistik Indonesia; BIG referensi geospasial; koordinat pendekatan registry TravelFit (verifikasi via BIG/OpenStreetMap)
Lampung Tengah,kabupaten,Lampung,-4.95,105.2,Kemendagri Permendagri 72/2019 (daftar wilayah); BPS Statistik Indonesia; BIG referensi geospasial; koordinat pendekatan registry TravelFit (verifikasi via BIG/OpenStreetMap)
Lampung Timur,kabupaten,Lampung,-5.1,105.6833,Kemendagri Permendagri 72/2019 (daftar wilayah); BPS Statistik Indonesia; BIG referensi geospasial; koordinat pendekatan registry TravelFit (verifikasi via BIG/OpenStreetMap)
Pesawaran,kabupaten,Lampung,-5.4333,105.1833,Kemendagri Permendagri 72/2019 (daftar wilayah); BPS Statistik Indonesia; BIG referensi geospasial; koordinat pendekatan registry TravelFit (verifikasi via BIG/OpenStreetMap)
Pesisir Barat Krui,kabupaten,Lampung,-5.2,103.9333,Kemendagri Permendagri 72/2019 (daftar wilayah); BPS Statistik Indonesia; BIG referensi geospasial; koordinat pendekatan registry TravelFit (verifikasi via BIG/OpenStreetMap)
Pringsewu,kabupaten,Lampung,-5.35,104.9833,Kemendagri Permendagri 72/2019 (daftar wilayah); BPS Statistik Indonesia; BIG referensi geospasial; koordinat pendekatan registry TravelFit (verifikasi via BIG/OpenStreetMap)
Tanggamus,kabupaten,Lampung,-5.5,104.6833,Kemendagri Permendagri 72/2019 (daftar wilayah); BPS Statistik Indonesia; BIG referensi geospasial; koordinat pendekatan registry TravelFit (verifikasi via BIG/OpenStreetMap)
Buru Namlea,kabupaten,Maluku,-3.25,127.0833,Kemendagri Permendagri 72/2019 (daftar wilayah); BPS Statistik Indonesia; BIG referensi geospasial; koordinat pendekatan registry TravelFit (verifikasi via BIG/OpenStreetMap)
Kepulauan Aru Dobo,kabupaten,Maluku,-5.75,134.2167,Kemendagri Permendagri 72/2019 (daftar wilayah); BPS Statistik Indonesia; BIG referensi geospasial; koordinat pendekatan registry TravelFit (verifikasi via BIG/OpenStreetMap)
Kepulauan Tanimbar Saumlaki,kabupaten,Maluku,-7.9833,131.3,Kemendagri Permendagri 72/2019 (daftar wilayah); BPS Statistik Indonesia; BIG referensi geospasial; koordinat pendekatan registry TravelFit (verifikasi via BIG/OpenStreetMap)
Kota Ambon,kota,Maluku,-3.6954,128.1814,Kemendagri Permendagri 72/2019 (daftar wilayah); BPS Statistik Indonesia; BIG referensi geospasial; koordinat pendekatan registry TravelFit (verifikasi via BIG/OpenStreetMap)
Kota Tual,kota,Maluku,-5.6333,132.75,Kemendagri Permendagri 72/2019 (daftar wilayah); BPS Statistik Indonesia; BIG referensi geospasial; koordinat pendekatan registry TravelFit (verifikasi via BIG/OpenStreetMap)
Maluku Barat Daya Tiakur,kabupaten,Maluku,-8.15,127.95,Kemendagri Permendagri 72/2019 (daftar wilayah); BPS Statistik Indonesia; BIG referensi geospasial; koordinat pendekatan registry TravelFit (verifikasi via BIG/OpenStreetMap)
Maluku Tengah Masohi Banda,kabupaten,Maluku,-3.29,128.95,Kemendagri Permendagri 72/2019 (daftar wilayah); BPS Statistik Indonesia; BIG referensi geospasial; koordinat pendekatan registry TravelFit (verifikasi via BIG/OpenStreetMap)
Maluku Tenggara Langgur Kei,kabupaten,Maluku,-5.6667,132.7333,Kemendagri Permendagri 72/2019 (daftar wilayah); BPS Statistik Indonesia; BIG referensi geospasial; koordinat pendekatan registry TravelFit (verifikasi via BIG/OpenStreetMap)
Seram Bagian Barat Piru,kabupaten,Maluku,-3.0833,128.25,Kemendagri Permendagri 72/2019 (daftar wilayah); BPS Statistik Indonesia; BIG referensi geospasial; koordinat pendekatan registry TravelFit (verifikasi via BIG/OpenStreetMap)
Seram Bagian Timur Bula,kabupaten,Maluku,-3.05,130.5,Kemendagri Permendagri 72/2019 (daftar wilayah); BPS Statistik Indonesia; BIG referensi geospasial; koordinat pendekatan registry TravelFit (verifikasi via BIG/OpenStreetMap)
Halmahera Barat Jailolo,kabupaten,Maluku Utara,1.0667,127.4667,Kemendagri Permendagri 72/2019 (daftar wilayah); BPS Statistik Indonesia; BIG referensi geospasial; koordinat pendekatan registry TravelFit (verifikasi via BIG/OpenStreetMap)
Halmahera Selatan Labuha Bacan,kabupaten,Maluku Utara,-0.6333,127.5,Kemendagri Permendagri 72/2019 (daftar wilayah); BPS Statistik Indonesia; BIG referensi geospasial; koordinat pendekatan registry TravelFit (verifikasi via BIG/OpenStreetMap)
Halmahera Tengah Weda,kabupaten,Maluku Utara,0.45,127.9167,Kemendagri Permendagri 72/2019 (daftar wilayah); BPS Statistik Indonesia; BIG referensi geospasial; koordinat pendekatan registry TravelFit (verifikasi via BIG/OpenStreetMap)
Halmahera Timur Maba,kabupaten,Maluku Utara,0.7,128.3,Kemendagri Permendagri 72/2019 (daftar wilayah); BPS Statistik Indonesia; BIG referensi geospasial; koordinat pendekatan registry TravelFit (verifikasi via BIG/OpenStreetMap)
Halmahera Utara Tobelo,kabupaten,Maluku Utara,1.7333,128.0,Kemendagri Permendagri 72/2019 (daftar wilayah); BPS Statistik Indonesia; BIG referensi geospasial; koordinat pendekatan registry TravelFit (verifikasi via BIG/OpenStreetMap)
Kepulauan Sula Sanana,kabupaten,Maluku Utara,-2.0,125.9833,Kemendagri Permendagri 72/2019 (daftar wilayah); BPS Statistik Indonesia; BIG referensi geospasial; koordinat pendekatan registry TravelFit (verifikasi via BIG/OpenStreetMap)
Kota Ternate,kota,Maluku Utara,0.7833,127.3667,Kemendagri Permendagri 72/2019 (daftar wilayah); BPS Statistik Indonesia; BIG referensi geospasial; koordinat pendekatan registry TravelFit (verifikasi via BIG/OpenStreetMap)
Kota Tidore Kepulauan,kota,Maluku Utara,0.6833,127.4,Kemendagri Permendagri 72/2019 (daftar wilayah); BPS Statistik Indonesia; BIG referensi geospasial; koordinat pendekatan registry TravelFit (verifikasi via BIG/OpenStreetMap)
Pulau Morotai Daruba,kabupaten,Maluku Utara,2.05,128.2833,Kemendagri Permendagri 72/2019 (daftar wilayah); BPS Statistik Indonesia; BIG referensi geospasial; koordinat pendekatan registry TravelFit (verifikasi via BIG/OpenStreetMap)
Pulau Taliabu Bobong,kabupaten,Maluku Utara,-1.8333,124.4833,Kemendagri Permendagri 72/2019 (daftar wilayah); BPS Statistik Indonesia; BIG referensi geospasial; koordinat pendekatan registry TravelFit (verifikasi via BIG/OpenStreetMap)
Bima,kabupaten,Nusa Tenggara Barat,-8.5833,118.7167,Kemendagri Permendagri 72/2019 (daftar wilayah); BPS Statistik Indonesia; BIG referensi geospasial; koordinat pendekatan registry TravelFit (verifikasi via BIG/OpenStreetMap)
Dompu,kabupaten,Nusa Tenggara Barat,-8.5333,118.4667,Kemendagri Permendagri 72/2019 (daftar wilayah); BPS Statistik Indonesia; BIG referensi geospasial; koordinat pendekatan registry TravelFit (verifikasi via BIG/OpenStreetMap)
Kota Bima,kota,Nusa Tenggara Barat,-8.45,118.7333,Kemendagri Permendagri 72/2019 (daftar wilayah); BPS Statistik Indonesia; BIG referensi geospasial; koordinat pendekatan registry TravelFit (verifikasi via BIG/OpenStreetMap)
Kota Mataram,kota,Nusa Tenggara Barat,-8.5833,116.1167,Kemendagri Permendagri 72/2019 (daftar wilayah); BPS Statistik Indonesia; BIG referensi geospasial; koordinat pendekatan registry TravelFit (verifikasi via BIG/OpenStreetMap)
Lombok Barat,kabupaten,Nusa Tenggara Barat,-8.6833,116.1333,Kemendagri Permendagri 72/2019 (daftar wilayah); BPS Statistik Indonesia; BIG referensi geospasial; koordinat pendekatan registry TravelFit (verifikasi via BIG/OpenStreetMap)
Lombok Tengah,kabupaten,Nusa Tenggara Barat,-8.7,116.2833,Kemendagri Permendagri 72/2019 (daftar wilayah); BPS Statistik Indonesia; BIG referensi geospasial; koordinat pendekatan registry TravelFit (verifikasi via BIG/OpenStreetMap)
Lombok Timur,kabupaten,Nusa Tenggara Barat,-8.65,116.5333,Kemendagri Permendagri 72/2019 (daftar wilayah); BPS Statistik Indonesia; BIG referensi geospasial; koordinat pendekatan registry TravelFit (verifikasi via BIG/OpenStreetMap)
Lombok Utara,kabupaten,Nusa Tenggara Barat,-8.35,116.1667,Kemendagri Permendagri 72/2019 (daftar wilayah); BPS Statistik Indonesia; BIG referensi geospasial; koordinat pendekatan registry TravelFit (verifikasi via BIG/OpenStreetMap)
Sumbawa,kabupaten,Nusa Tenggara Barat,-8.5,117.4333,Kemendagri Permendagri 72/2019 (daftar wilayah); BPS Statistik Indonesia; BIG referensi geospasial; koordinat pendekatan registry TravelFit (verifikasi via BIG/OpenStreetMap)
Sumbawa Barat,kabupaten,Nusa Tenggara Barat,-8.75,116.85,Kemendagri Permendagri 72/2019 (daftar wilayah); BPS Statistik Indonesia; BIG referensi geospasial; koordinat pendekatan registry TravelFit (verifikasi via BIG/OpenStreetMap)
Alor Kalabahi,kabupaten,Nusa Tenggara Timur,-8.2167,124.5167,Kemendagri Permendagri 72/2019 (daftar wilayah); BPS Statistik Indonesia; BIG referensi geospasial; koordinat pendekatan registry TravelFit (verifikasi via BIG/OpenStreetMap)
Ende,kabupaten,Nusa Tenggara Timur,-8.8432,121.6623,Kemendagri Permendagri 72/2019 (daftar wilayah); BPS Statistik Indonesia; BIG referensi geospasial; koordinat pendekatan registry TravelFit (verifikasi via BIG/OpenStreetMap)
Kota Kupang,kota,Nusa Tenggara Timur,-10.1772,123.607,Kemendagri Permendagri 72/2019 (daftar wilayah); BPS Statistik Indonesia; BIG referensi geospasial; koordinat pendekatan registry TravelFit (verifikasi via BIG/OpenStreetMap)
Manggarai Barat Labuan Bajo,kabupaten,Nusa Tenggara Timur,-8.5,119.8833,Kemendagri Permendagri 72/2019 (daftar wilayah); BPS Statistik Indonesia; BIG referensi geospasial; koordinat pendekatan registry TravelFit (verifikasi via BIG/OpenStreetMap)
Ngada Bajawa,kabupaten,Nusa Tenggara Timur,-8.7,120.9667,Kemendagri Permendagri 72/2019 (daftar wilayah); BPS Statistik Indonesia; BIG referensi geospasial; koordinat pendekatan registry TravelFit (verifikasi via BIG/OpenStreetMap)
Rote Ndao,kabupaten,Nusa Tenggara Timur,-10.7333,123.0667,Kemendagri Permendagri 72/2019 (daftar wilayah); BPS Statistik Indonesia; BIG referensi geospasial; koordinat pendekatan registry TravelFit (verifikasi via BIG/OpenStreetMap)
Sikka Maumere,kabupaten,Nusa Tenggara Timur,-8.6167,122.2167,Kemendagri Permendagri 72/2019 (daftar wilayah); BPS Statistik Indonesia; BIG referensi geospasial; koordinat pendekatan registry TravelFit (verifikasi via BIG/OpenStreetMap)
Sumba Barat,kabupaten,Nusa Tenggara Timur,-9.6667,119.4167,Kemendagri Permendagri 72/2019 (daftar wilayah); BPS Statistik Indonesia; BIG referensi geospasial; koordinat pendekatan registry TravelFit (verifikasi via BIG/OpenStreetMap)
Sumba Timur,kabupaten,Nusa Tenggara Timur,-9.65,120.2667,Kemendagri Permendagri 72/2019 (daftar wilayah); BPS Statistik Indonesia; BIG referensi geospasial; koordinat pendekatan registry TravelFit (verifikasi via BIG/OpenStreetMap)
Timor Tengah Selatan Soe,kabupaten,Nusa Tenggara Timur,-9.8667,124.2833,Kemendagri Permendagri 72/2019 (daftar wilayah); BPS Statistik Indonesia; BIG referensi geospasial; koordinat pendekatan registry TravelFit (verifikasi via BIG/OpenStreetMap)
Biak Numfor,kabupaten,Papua,-1.1833,136.0833,Kemendagri Permendagri 72/2019 (daftar wilayah); BPS Statistik Indonesia; BIG referensi geospasial; koordinat pendekatan registry TravelFit (verifikasi via BIG/OpenStreetMap)
Jayapura Sentani,kabupaten,Papua,-2.5667,140.5167,Kemendagri Permendagri 72/2019 (daftar wilayah); BPS Statistik Indonesia; BIG referensi geospasial; koordinat pendekatan registry TravelFit (verifikasi via BIG/OpenStreetMap)
Keerom Waris,kabupaten,Papua,-3.2833,140.75,Kemendagri Permendagri 72/2019 (daftar wilayah); BPS Statistik Indonesia; BIG referensi geospasial; koordinat pendekatan registry TravelFit (verifikasi via BIG/OpenStreetMap)
Kepulauan Yapen Serui,kabupaten,Papua,-1.85,136.25,Kemendagri Permendagri 72/2019 (daftar wilayah); BPS Statistik Indonesia; BIG referensi geospasial; koordinat pendekatan registry TravelFit (verifikasi via BIG/OpenStreetMap)
Kota Jayapura,kota,Papua,-2.5333,140.7167,Kemendagri Permendagri 72/2019 (daftar wilayah); BPS Statistik Indonesia; BIG referensi geospasial; koordinat pendekatan registry TravelFit (verifikasi via BIG/OpenStreetMap)
Mamberamo Raya Kasonaweja,kabupaten,Papua,-2.0,138.1667,Kemendagri Permendagri 72/2019 (daftar wilayah); BPS Statistik Indonesia; BIG referensi geospasial; koordinat pendekatan registry TravelFit (verifikasi via BIG/OpenStreetMap)
Sarmi,kabupaten,Papua,-1.8667,139.35,Kemendagri Permendagri 72/2019 (daftar wilayah); BPS Statistik Indonesia; BIG referensi geospasial; koordinat pendekatan registry TravelFit (verifikasi via BIG/OpenStreetMap)
Supiori Sorendiweri,kabupaten,Papua,-0.7333,135.6,Kemendagri Permendagri 72/2019 (daftar wilayah); BPS Statistik Indonesia; BIG referensi geospasial; koordinat pendekatan registry TravelFit (verifikasi via BIG/OpenStreetMap)
Waropen Botawa,kabupaten,Papua,-2.4,136.5,Kemendagri Permendagri 72/2019 (daftar wilayah); BPS Statistik Indonesia; BIG referensi geospasial; koordinat pendekatan registry TravelFit (verifikasi via BIG/OpenStreetMap)
Fakfak,kabupaten,Papua Barat,-2.9167,132.3,Kemendagri Permendagri 72/2019 (daftar wilayah); BPS Statistik Indonesia; BIG referensi geospasial; koordinat pendekatan registry TravelFit (verifikasi via BIG/OpenStreetMap)
Kaimana,kabupaten,Papua Barat,-3.6667,133.75,Kemendagri Permendagri 72/2019 (daftar wilayah); BPS Statistik Indonesia; BIG referensi geospasial; koordinat pendekatan registry TravelFit (verifikasi via BIG/OpenStreetMap)
Manokwari,kabupaten,Papua Barat,-0.8667,134.0833,Kemendagri Permendagri 72/2019 (daftar wilayah); BPS Statistik Indonesia; BIG referensi geospasial; koordinat pendekatan registry TravelFit (verifikasi via BIG/OpenStreetMap)
Manokwari Selatan Ransiki,kabupaten,Papua Barat,-1.5,134.1833,Kemendagri Permendagri 72/2019 (daftar wilayah); BPS Statistik Indonesia; BIG referensi geospasial; koordinat pendekatan registry TravelFit (verifikasi via BIG/OpenStreetMap)
Pegunungan Arfak Anggi,kabupaten,Papua Barat,-1.3667,133.9167,Kemendagri Permendagri 72/2019 (daftar wilayah); BPS Statistik Indonesia; BIG referensi geospasial; koordinat pendekatan registry TravelFit (verifikasi via BIG/OpenStreetMap)
Teluk Bintuni,kabupaten,Papua Barat,-2.1333,133.5333,Kemendagri Permendagri 72/2019 (daftar wilayah); BPS Statistik Indonesia; BIG referensi geospasial; koordinat pendekatan registry TravelFit (verifikasi via BIG/OpenStreetMap)
Teluk Wondama Rasiei,kabupaten,Papua Barat,-2.7,134.5,Kemendagri Permendagri 72/2019 (daftar wilayah); BPS Statistik Indonesia; BIG referensi geospasial; koordinat pendekatan registry TravelFit (verifikasi via BIG/OpenStreetMap)
Kota Sorong,kota,Papua Barat Daya,-0.8833,131.25,Kemendagri Permendagri 72/2019 (daftar wilayah); BPS Statistik Indonesia; BIG referensi geospasial; koordinat pendekatan registry TravelFit (verifikasi via BIG/OpenStreetMap)
Maybrat Kumurkek,kabupaten,Papua Barat Daya,-1.25,132.5,Kemendagri Permendagri 72/2019 (daftar wilayah); BPS Statistik Indonesia; BIG referensi geospasial; koordinat pendekatan registry TravelFit (verifikasi via BIG/OpenStreetMap)
Raja Ampat Waisai,kabupaten,Papua Barat Daya,-0.4333,130.8167,Kemendagri Permendagri 72/2019 (daftar wilayah); BPS Statistik Indonesia; BIG referensi geospasial; koordinat pendekatan registry TravelFit (verifikasi via BIG/OpenStreetMap)
Sorong Aimas,kabupaten,Papua Barat Daya,-0.9667,131.3333,Kemendagri Permendagri 72/2019 (daftar wilayah); BPS Statistik Indonesia; BIG referensi geospasial; koordinat pendekatan registry TravelFit (verifikasi via BIG/OpenStreetMap)
Sorong Selatan Teminabuan,kabupaten,Papua Barat Daya,-1.45,132.0167,Kemendagri Permendagri 72/2019 (daftar wilayah); BPS Statistik Indonesia; BIG referensi geospasial; koordinat pendekatan registry TravelFit (verifikasi via BIG/OpenStreetMap)
Tambrauw Fef,kabupaten,Papua Barat Daya,-0.6,132.3333,Kemendagri Permendagri 72/2019 (daftar wilayah); BPS Statistik Indonesia; BIG referensi geospasial; koordinat pendekatan registry TravelFit (verifikasi via BIG/OpenStreetMap)
Jayawijaya Wamena,kabupaten,Papua Pegunungan,-4.0833,138.95,Kemendagri Permendagri 72/2019 (daftar wilayah); BPS Statistik Indonesia; BIG referensi geospasial; koordinat pendekatan registry TravelFit (verifikasi via BIG/OpenStreetMap)
Lanny Jaya Tiom,kabupaten,Papua Pegunungan,-3.9,138.5,Kemendagri Permendagri 72/2019 (daftar wilayah); BPS Statistik Indonesia; BIG referensi geospasial; koordinat pendekatan registry TravelFit (verifikasi via BIG/OpenStreetMap)
Mamberamo Tengah Kobakma,kabupaten,Papua Pegunungan,-3.65,139.1,Kemendagri Permendagri 72/2019 (daftar wilayah); BPS Statistik Indonesia; BIG referensi geospasial; koordinat pendekatan registry TravelFit (verifikasi via BIG/OpenStreetMap)
Nduga Kenyam,kabupaten,Papua Pegunungan,-4.5,138.4,Kemendagri Permendagri 72/2019 (daftar wilayah); BPS Statistik Indonesia; BIG referensi geospasial; koordinat pendekatan registry TravelFit (verifikasi via BIG/OpenStreetMap)
Pegunungan Bintang Oksibil,kabupaten,Papua Pegunungan,-4.9,140.6333,Kemendagri Permendagri 72/2019 (daftar wilayah); BPS Statistik Indonesia; BIG referensi geospasial; koordinat pendekatan registry TravelFit (verifikasi via BIG/OpenStreetMap)
Tolikara Karubaga,kabupaten,Papua Pegunungan,-3.6,138.65,Kemendagri Permendagri 72/2019 (daftar wilayah); BPS Statistik Indonesia; BIG referensi geospasial; koordinat pendekatan registry TravelFit (verifikasi via BIG/OpenStreetMap)
Yahukimo Dekai,kabupaten,Papua Pegunungan,-4.85,139.5,Kemendagri Permendagri 72/2019 (daftar wilayah); BPS Statistik Indonesia; BIG referensi geospasial; koordinat pendekatan registry TravelFit (verifikasi via BIG/OpenStreetMap)
Yalimo Elelim,kabupaten,Papua Pegunungan,-3.75,139.4,Kemendagri Permendagri 72/2019 (daftar wilayah); BPS Statistik Indonesia; BIG referensi geospasial; koordinat pendekatan registry TravelFit (verifikasi via BIG/OpenStreetMap)
Asmat Agats,kabupaten,Papua Selatan,-5.5333,138.1333,Kemendagri Permendagri 72/2019 (daftar wilayah); BPS Statistik Indonesia; BIG referensi geospasial; koordinat pendekatan registry TravelFit (verifikasi via BIG/OpenStreetMap)
Boven Digoel Tanah Merah,kabupaten,Papua Selatan,-6.1,140.3,Kemendagri Permendagri 72/2019 (daftar wilayah); BPS Statistik Indonesia; BIG referensi geospasial; koordinat pendekatan registry TravelFit (verifikasi via BIG/OpenStreetMap)
Mappi Kepi,kabupaten,Papua Selatan,-6.5,139.3,Kemendagri Permendagri 72/2019 (daftar wilayah); BPS Statistik Indonesia; BIG referensi geospasial; koordinat pendekatan registry TravelFit (verifikasi via BIG/OpenStreetMap)
Merauke,kabupaten,Papua Selatan,-8.4992,140.4047,Kemendagri Permendagri 72/2019 (daftar wilayah); BPS Statistik Indonesia; BIG referensi geospasial; koordinat pendekatan registry TravelFit (verifikasi via BIG/OpenStreetMap)
Deiyai Tigi,kabupaten,Papua Tengah,-4.0167,136.0833,Kemendagri Permendagri 72/2019 (daftar wilayah); BPS Statistik Indonesia; BIG referensi geospasial; koordinat pendekatan registry TravelFit (verifikasi via BIG/OpenStreetMap)
Dogiyai Kigamani,kabupaten,Papua Tengah,-4.0,135.95,Kemendagri Permendagri 72/2019 (daftar wilayah); BPS Statistik Indonesia; BIG referensi geospasial; koordinat pendekatan registry TravelFit (verifikasi via BIG/OpenStreetMap)
Intan Jaya Sugapa,kabupaten,Papua Tengah,-3.75,137.05,Kemendagri Permendagri 72/2019 (daftar wilayah); BPS Statistik Indonesia; BIG referensi geospasial; koordinat pendekatan registry TravelFit (verifikasi via BIG/OpenStreetMap)
Mimika Timika,kabupaten,Papua Tengah,-4.5444,136.8872,Kemendagri Permendagri 72/2019 (daftar wilayah); BPS Statistik Indonesia; BIG referensi geospasial; koordinat pendekatan registry TravelFit (verifikasi via BIG/OpenStreetMap)
Nabire,kabupaten,Papua Tengah,-3.3667,135.5,Kemendagri Permendagri 72/2019 (daftar wilayah); BPS Statistik Indonesia; BIG referensi geospasial; koordinat pendekatan registry TravelFit (verifikasi via BIG/OpenStreetMap)
Paniai Enarotali,kabupaten,Papua Tengah,-3.9,136.3333,Kemendagri Permendagri 72/2019 (daftar wilayah); BPS Statistik Indonesia; BIG referensi geospasial; koordinat pendekatan registry TravelFit (verifikasi via BIG/OpenStreetMap)
Puncak Ilaga,kabupaten,Papua Tengah,-3.9833,137.6,Kemendagri Permendagri 72/2019 (daftar wilayah); BPS Statistik Indonesia; BIG referensi geospasial; koordinat pendekatan registry TravelFit (verifikasi via BIG/OpenStreetMap)
Puncak Jaya Kotamulia,kabupaten,Papua Tengah,-3.7,137.95,Kemendagri Permendagri 72/2019 (daftar wilayah); BPS Statistik Indonesia; BIG referensi geospasial; koordinat pendekatan registry TravelFit (verifikasi via BIG/OpenStreetMap)
Bengkalis,kabupaten,Riau,1.4667,102.1333,Kemendagri Permendagri 72/2019 (daftar wilayah); BPS Statistik Indonesia; BIG referensi geospasial; koordinat pendekatan registry TravelFit (verifikasi via BIG/OpenStreetMap)
Indragiri Hilir,kabupaten,Riau,-0.33,103.15,Kemendagri Permendagri 72/2019 (daftar wilayah); BPS Statistik Indonesia; BIG referensi geospasial; koordinat pendekatan registry TravelFit (verifikasi via BIG/OpenStreetMap)
Indragiri Hulu,kabupaten,Riau,-0.55,102.3,Kemendagri Permendagri 72/2019 (daftar wilayah); BPS Statistik Indonesia; BIG referensi geospasial; koordinat pendekatan registry TravelFit (verifikasi via BIG/OpenStreetMap)
Kampar,kabupaten,Riau,0.3333,101.05,Kemendagri Permendagri 72/2019 (daftar wilayah); BPS Statistik Indonesia; BIG referensi geospasial; koordinat pendekatan registry TravelFit (verifikasi via BIG/OpenStreetMap)
Kota Dumai,kota,Riau,1.6667,101.45,Kemendagri Permendagri 72/2019 (daftar wilayah); BPS Statistik Indonesia; BIG referensi geospasial; koordinat pendekatan registry TravelFit (verifikasi via BIG/OpenStreetMap)
Kota Pekanbaru,kota,Riau,0.5071,101.4478,Kemendagri Permendagri 72/2019 (daftar wilayah); BPS Statistik Indonesia; BIG referensi geospasial; koordinat pendekatan registry TravelFit (verifikasi via BIG/OpenStreetMap)
Kuantan Singingi,kabupaten,Riau,-0.5,101.45,Kemendagri Permendagri 72/2019 (daftar wilayah); BPS Statistik Indonesia; BIG referensi geospasial; koordinat pendekatan registry TravelFit (verifikasi via BIG/OpenStreetMap)
Pelalawan,kabupaten,Riau,0.38,102.1,Kemendagri Permendagri 72/2019 (daftar wilayah); BPS Statistik Indonesia; BIG referensi geospasial; koordinat pendekatan registry TravelFit (verifikasi via BIG/OpenStreetMap)
Rokan Hulu,kabupaten,Riau,0.88,100.5,Kemendagri Permendagri 72/2019 (daftar wilayah); BPS Statistik Indonesia; BIG referensi geospasial; koordinat pendekatan registry TravelFit (verifikasi via BIG/OpenStreetMap)
Siak,kabupaten,Riau,0.8,102.05,Kemendagri Permendagri 72/2019 (daftar wilayah); BPS Statistik Indonesia; BIG referensi geospasial; koordinat pendekatan registry TravelFit (verifikasi via BIG/OpenStreetMap)
Majene,kabupaten,Sulawesi Barat,-3.5333,118.9667,Kemendagri Permendagri 72/2019 (daftar wilayah); BPS Statistik Indonesia; BIG referensi geospasial; koordinat pendekatan registry TravelFit (verifikasi via BIG/OpenStreetMap)
Mamasa,kabupaten,Sulawesi Barat,-2.9667,119.3833,Kemendagri Permendagri 72/2019 (daftar wilayah); BPS Statistik Indonesia; BIG referensi geospasial; koordinat pendekatan registry TravelFit (verifikasi via BIG/OpenStreetMap)
Mamuju,kabupaten,Sulawesi Barat,-2.6788,118.8877,Kemendagri Permendagri 72/2019 (daftar wilayah); BPS Statistik Indonesia; BIG referensi geospasial; koordinat pendekatan registry TravelFit (verifikasi via BIG/OpenStreetMap)
Mamuju Tengah Tobadak,kabupaten,Sulawesi Barat,-2.1,119.3,Kemendagri Permendagri 72/2019 (daftar wilayah); BPS Statistik Indonesia; BIG referensi geospasial; koordinat pendekatan registry TravelFit (verifikasi via BIG/OpenStreetMap)
Pasangkayu,kabupaten,Sulawesi Barat,-1.1833,119.3667,Kemendagri Permendagri 72/2019 (daftar wilayah); BPS Statistik Indonesia; BIG referensi geospasial; koordinat pendekatan registry TravelFit (verifikasi via BIG/OpenStreetMap)
Polewali Mandar (Polman),kabupaten,Sulawesi Barat,-3.4333,119.3333,Kemendagri Permendagri 72/2019 (daftar wilayah); BPS Statistik Indonesia; BIG referensi geospasial; koordinat pendekatan registry TravelFit (verifikasi via BIG/OpenStreetMap)
Bone Watampone,kabupaten,Sulawesi Selatan,-4.5333,120.3167,Kemendagri Permendagri 72/2019 (daftar wilayah); BPS Statistik Indonesia; BIG referensi geospasial; koordinat pendekatan registry TravelFit (verifikasi via BIG/OpenStreetMap)
Bulukumba,kabupaten,Sulawesi Selatan,-5.55,120.2,Kemendagri Permendagri 72/2019 (daftar wilayah); BPS Statistik Indonesia; BIG referensi geospasial; koordinat pendekatan registry TravelFit (verifikasi via BIG/OpenStreetMap)
Gowa Sungguminasa,kabupaten,Sulawesi Selatan,-5.2,119.45,Kemendagri Permendagri 72/2019 (daftar wilayah); BPS Statistik Indonesia; BIG referensi geospasial; koordinat pendekatan registry TravelFit (verifikasi via BIG/OpenStreetMap)
Kepulauan Selayar Benteng,kabupaten,Sulawesi Selatan,-6.1167,120.5167,Kemendagri Permendagri 72/2019 (daftar wilayah); BPS Statistik Indonesia; BIG referensi geospasial; koordinat pendekatan registry TravelFit (verifikasi via BIG/OpenStreetMap)
Kota Makassar,kota,Sulawesi Selatan,-5.1477,119.4327,Kemendagri Permendagri 72/2019 (daftar wilayah); BPS Statistik Indonesia; BIG referensi geospasial; koordinat pendekatan registry TravelFit (verifikasi via BIG/OpenStreetMap)
Kota Palopo,kota,Sulawesi Selatan,-2.9945,120.1954,Kemendagri Permendagri 72/2019 (daftar wilayah); BPS Statistik Indonesia; BIG referensi geospasial; koordinat pendekatan registry TravelFit (verifikasi via BIG/OpenStreetMap)
Kota Parepare,kota,Sulawesi Selatan,-4.0167,119.6333,Kemendagri Permendagri 72/2019 (daftar wilayah); BPS Statistik Indonesia; BIG referensi geospasial; koordinat pendekatan registry TravelFit (verifikasi via BIG/OpenStreetMap)
Makassar,kota,Sulawesi Selatan,-5.1477,119.4327,Kemendagri Permendagri 72/2019 (daftar wilayah); BPS Statistik Indonesia; BIG referensi geospasial; koordinat pendekatan registry TravelFit (verifikasi via BIG/OpenStreetMap)
Maros,kabupaten,Sulawesi Selatan,-5.0,119.5667,Kemendagri Permendagri 72/2019 (daftar wilayah); BPS Statistik Indonesia; BIG referensi geospasial; koordinat pendekatan registry TravelFit (verifikasi via BIG/OpenStreetMap)
Tana Toraja Makale,kabupaten,Sulawesi Selatan,-3.1,119.8667,Kemendagri Permendagri 72/2019 (daftar wilayah); BPS Statistik Indonesia; BIG referensi geospasial; koordinat pendekatan registry TravelFit (verifikasi via BIG/OpenStreetMap)
Toraja Utara Rantepao,kabupaten,Sulawesi Selatan,-2.9667,119.9,Kemendagri Permendagri 72/2019 (daftar wilayah); BPS Statistik Indonesia; BIG referensi geospasial; koordinat pendekatan registry TravelFit (verifikasi via BIG/OpenStreetMap)
Banggai Kepulauan Salakan,kabupaten,Sulawesi Tengah,-1.3333,123.1667,Kemendagri Permendagri 72/2019 (daftar wilayah); BPS Statistik Indonesia; BIG referensi geospasial; koordinat pendekatan registry TravelFit (verifikasi via BIG/OpenStreetMap)
Banggai Luwuk,kabupaten,Sulawesi Tengah,-0.95,122.7833,Kemendagri Permendagri 72/2019 (daftar wilayah); BPS Statistik Indonesia; BIG referensi geospasial; koordinat pendekatan registry TravelFit (verifikasi via BIG/OpenStreetMap)
Donggala,kabupaten,Sulawesi Tengah,-0.6833,119.75,Kemendagri Permendagri 72/2019 (daftar wilayah); BPS Statistik Indonesia; BIG referensi geospasial; koordinat pendekatan registry TravelFit (verifikasi via BIG/OpenStreetMap)
Kota Palu,kota,Sulawesi Tengah,-0.9,119.8333,Kemendagri Permendagri 72/2019 (daftar wilayah); BPS Statistik Indonesia; BIG referensi geospasial; koordinat pendekatan registry TravelFit (verifikasi via BIG/OpenStreetMap)
Morowali Bungku,kabupaten,Sulawesi Tengah,-2.4833,121.95,Kemendagri Permendagri 72/2019 (daftar wilayah); BPS Statistik Indonesia; BIG referensi geospasial; koordinat pendekatan registry TravelFit (verifikasi via BIG/OpenStreetMap)
Parigi Moutong,kabupaten,Sulawesi Tengah,-0.8167,120.1833,Kemendagri Permendagri 72/2019 (daftar wilayah); BPS Statistik Indonesia; BIG referensi geospasial; koordinat pendekatan registry TravelFit (verifikasi via BIG/OpenStreetMap)
Poso,kabupaten,Sulawesi Tengah,-1.4,120.75,Kemendagri Permendagri 72/2019 (daftar wilayah); BPS Statistik Indonesia; BIG referensi geospasial; koordinat pendekatan registry TravelFit (verifikasi via BIG/OpenStreetMap)
Sigi Biromaru,kabupaten,Sulawesi Tengah,-1.15,119.95,Kemendagri Permendagri 72/2019 (daftar wilayah); BPS Statistik Indonesia; BIG referensi geospasial; koordinat pendekatan registry TravelFit (verifikasi via BIG/OpenStreetMap)
Tojo Una-Una Ampana (Togean),kabupaten,Sulawesi Tengah,-0.8667,121.6167,Kemendagri Permendagri 72/2019 (daftar wilayah); BPS Statistik Indonesia; BIG referensi geospasial; koordinat pendekatan registry TravelFit (verifikasi via BIG/OpenStreetMap)
Toli-Toli,kabupaten,Sulawesi Tengah,1.0333,120.8167,Kemendagri Permendagri 72/2019 (daftar wilayah); BPS Statistik Indonesia; BIG referensi geospasial; koordinat pendekatan registry TravelFit (verifikasi via BIG/OpenStreetMap)
Bombana Rumbia,kabupaten,Sulawesi Tenggara,-4.75,121.8333,Kemendagri Permendagri 72/2019 (daftar wilayah); BPS Statistik Indonesia; BIG referensi geospasial; koordinat pendekatan registry TravelFit (verifikasi via BIG/OpenStreetMap)
Buton Pasarwajo,kabupaten,Sulawesi Tenggara,-5.1667,122.8333,Kemendagri Permendagri 72/2019 (daftar wilayah); BPS Statistik Indonesia; BIG referensi geospasial; koordinat pendekatan registry TravelFit (verifikasi via BIG/OpenStreetMap)
Kolaka,kabupaten,Sulawesi Tenggara,-4.05,121.6,Kemendagri Permendagri 72/2019 (daftar wilayah); BPS Statistik Indonesia; BIG referensi geospasial; koordinat pendekatan registry TravelFit (verifikasi via BIG/OpenStreetMap)
Konawe Selatan Andoolo,kabupaten,Sulawesi Tenggara,-4.3333,122.25,Kemendagri Permendagri 72/2019 (daftar wilayah); BPS Statistik Indonesia; BIG referensi geospasial; koordinat pendekatan registry TravelFit (verifikasi via BIG/OpenStreetMap)
Konawe Unaaha,kabupaten,Sulawesi Tenggara,-3.8667,122.05,Kemendagri Permendagri 72/2019 (daftar wilayah); BPS Statistik Indonesia; BIG referensi geospasial; koordinat pendekatan registry TravelFit (verifikasi via BIG/OpenStreetMap)
Konawe Utara Wanggudu,kabupaten,Sulawesi Tenggara,-3.4,122.1833,Kemendagri Permendagri 72/2019 (daftar wilayah); BPS Statistik Indonesia; BIG referensi geospasial; koordinat pendekatan registry TravelFit (verifikasi via BIG/OpenStreetMap)
Kota Baubau Buton,kota,Sulawesi Tenggara,-5.4667,122.6,Kemendagri Permendagri 72/2019 (daftar wilayah); BPS Statistik Indonesia; BIG referensi geospasial; koordinat pendekatan registry TravelFit (verifikasi via BIG/OpenStreetMap)
Kota Kendari,kota,Sulawesi Tenggara,-3.9985,122.5126,Kemendagri Permendagri 72/2019 (daftar wilayah); BPS Statistik Indonesia; BIG referensi geospasial; koordinat pendekatan registry TravelFit (verifikasi via BIG/OpenStreetMap)
Muna Raha,kabupaten,Sulawesi Tenggara,-4.85,122.7167,Kemendagri Permendagri 72/2019 (daftar wilayah); BPS Statistik Indonesia; BIG referensi geospasial; koordinat pendekatan registry TravelFit (verifikasi via BIG/OpenStreetMap)
Wakatobi Wangi-Wangi,kabupaten,Sulawesi Tenggara,-5.3167,123.5833,Kemendagri Permendagri 72/2019 (daftar wilayah); BPS Statistik Indonesia; BIG referensi geospasial; koordinat pendekatan registry TravelFit (verifikasi via BIG/OpenStreetMap)
Bolaang Mongondow Kotamobagu,kabupaten,Sulawesi Utara,0.7333,124.3167,Kemendagri Permendagri 72/2019 (daftar wilayah); BPS Statistik Indonesia; BIG referensi geospasial; koordinat pendekatan registry TravelFit (verifikasi via BIG/OpenStreetMap)
Kepulauan Sangihe Tahuna,kabupaten,Sulawesi Utara,3.6167,125.5,Kemendagri Permendagri 72/2019 (daftar wilayah); BPS Statistik Indonesia; BIG referensi geospasial; koordinat pendekatan registry TravelFit (verifikasi via BIG/OpenStreetMap)
Kepulauan Sitaro Ondong,kabupaten,Sulawesi Utara,2.7333,125.4,Kemendagri Permendagri 72/2019 (daftar wilayah); BPS Statistik Indonesia; BIG referensi geospasial; koordinat pendekatan registry TravelFit (verifikasi via BIG/OpenStreetMap)
Kepulauan Talaud Melonguane,kabupaten,Sulawesi Utara,4.0,126.7,Kemendagri Permendagri 72/2019 (daftar wilayah); BPS Statistik Indonesia; BIG referensi geospasial; koordinat pendekatan registry TravelFit (verifikasi via BIG/OpenStreetMap)
Kota Bitung,kota,Sulawesi Utara,1.44,125.18,Kemendagri Permendagri 72/2019 (daftar wilayah); BPS Statistik Indonesia; BIG referensi geospasial; koordinat pendekatan registry TravelFit (verifikasi via BIG/OpenStreetMap)
Kota Manado,kota,Sulawesi Utara,1.4748,124.8421,Kemendagri Permendagri 72/2019 (daftar wilayah); BPS Statistik Indonesia; BIG referensi geospasial; koordinat pendekatan registry TravelFit (verifikasi via BIG/OpenStreetMap)
Kota Tomohon,kota,Sulawesi Utara,1.325,124.84,Kemendagri Permendagri 72/2019 (daftar wilayah); BPS Statistik Indonesia; BIG referensi geospasial; koordinat pendekatan registry TravelFit (verifikasi via BIG/OpenStreetMap)
Minahasa Selatan Amurang,kabupaten,Sulawesi Utara,1.1833,124.5667,Kemendagri Permendagri 72/2019 (daftar wilayah); BPS Statistik Indonesia; BIG referensi geospasial; koordinat pendekatan registry TravelFit (verifikasi via BIG/OpenStreetMap)
Minahasa Tondano,kabupaten,Sulawesi Utara,1.3,124.9167,Kemendagri Permendagri 72/2019 (daftar wilayah); BPS Statistik Indonesia; BIG referensi geospasial; koordinat pendekatan registry TravelFit (verifikasi via BIG/OpenStreetMap)
Minahasa Utara Airmadidi,kabupaten,Sulawesi Utara,1.4167,124.9833,Kemendagri Permendagri 72/2019 (daftar wilayah); BPS Statistik Indonesia; BIG referensi geospasial; koordinat pendekatan registry TravelFit (verifikasi via BIG/OpenStreetMap)
Agam,kabupaten,Sumatera Barat,-0.25,100.1667,Kemendagri Permendagri 72/2019 (daftar wilayah); BPS Statistik Indonesia; BIG referensi geospasial; koordinat pendekatan registry TravelFit (verifikasi via BIG/OpenStreetMap)
Kepulauan Mentawai,kabupaten,Sumatera Barat,-2.0,99.6,Kemendagri Permendagri 72/2019 (daftar wilayah); BPS Statistik Indonesia; BIG referensi geospasial; koordinat pendekatan registry TravelFit (verifikasi via BIG/OpenStreetMap)
Kota Bukittinggi,kota,Sumatera Barat,-0.3056,100.3692,Kemendagri Permendagri 72/2019 (daftar wilayah); BPS Statistik Indonesia; BIG referensi geospasial; koordinat pendekatan registry TravelFit (verifikasi via BIG/OpenStreetMap)
Kota Padang,kota,Sumatera Barat,-0.9471,100.4172,Kemendagri Permendagri 72/2019 (daftar wilayah); BPS Statistik Indonesia; BIG referensi geospasial; koordinat pendekatan registry TravelFit (verifikasi via BIG/OpenStreetMap)
Kota Payakumbuh,kota,Sumatera Barat,-0.22,100.63,Kemendagri Permendagri 72/2019 (daftar wilayah); BPS Statistik Indonesia; BIG referensi geospasial; koordinat pendekatan registry TravelFit (verifikasi via BIG/OpenStreetMap)
Kota Sawahlunto,kota,Sumatera Barat,-0.68,100.78,Kemendagri Permendagri 72/2019 (daftar wilayah); BPS Statistik Indonesia; BIG referensi geospasial; koordinat pendekatan registry TravelFit (verifikasi via BIG/OpenStreetMap)
Lima Puluh Kota,kabupaten,Sumatera Barat,-0.05,100.65,Kemendagri Permendagri 72/2019 (daftar wilayah); BPS Statistik Indonesia; BIG referensi geospasial; koordinat pendekatan registry TravelFit (verifikasi via BIG/OpenStreetMap)
Pesisir Selatan,kabupaten,Sumatera Barat,-1.35,100.5667,Kemendagri Permendagri 72/2019 (daftar wilayah); BPS Statistik Indonesia; BIG referensi geospasial; koordinat pendekatan registry TravelFit (verifikasi via BIG/OpenStreetMap)
Solok,kabupaten,Sumatera Barat,-0.8,100.65,Kemendagri Permendagri 72/2019 (daftar wilayah); BPS Statistik Indonesia; BIG referensi geospasial; koordinat pendekatan registry TravelFit (verifikasi via BIG/OpenStreetMap)
Tanah Datar,kabupaten,Sumatera Barat,-0.45,100.5833,Kemendagri Permendagri 72/2019 (daftar wilayah); BPS Statistik Indonesia; BIG referensi geospasial; koordinat pendekatan registry TravelFit (verifikasi via BIG/OpenStreetMap)
Banyuasin,kabupaten,Sumatera Selatan,-2.8833,104.3833,Kemendagri Permendagri 72/2019 (daftar wilayah); BPS Statistik Indonesia; BIG referensi geospasial; koordinat pendekatan registry TravelFit (verifikasi via BIG/OpenStreetMap)
Kota Lubuklinggau,kota,Sumatera Selatan,-3.2833,102.8667,Kemendagri Permendagri 72/2019 (daftar wilayah); BPS Statistik Indonesia; BIG referensi geospasial; koordinat pendekatan registry TravelFit (verifikasi via BIG/OpenStreetMap)
Kota Pagar Alam,kota,Sumatera Selatan,-4.0167,103.2667,Kemendagri Permendagri 72/2019 (daftar wilayah); BPS Statistik Indonesia; BIG referensi geospasial; koordinat pendekatan registry TravelFit (verifikasi via BIG/OpenStreetMap)
Kota Palembang,kota,Sumatera Selatan,-2.9909,104.7565,Kemendagri Permendagri 72/2019 (daftar wilayah); BPS Statistik Indonesia; BIG referensi geospasial; koordinat pendekatan registry TravelFit (verifikasi via BIG/OpenStreetMap)
Kota Prabumulih,kota,Sumatera Selatan,-3.4333,104.2333,Kemendagri Permendagri 72/2019 (daftar wilayah); BPS Statistik Indonesia; BIG referensi geospasial; koordinat pendekatan registry TravelFit (verifikasi via BIG/OpenStreetMap)
Lahat,kabupaten,Sumatera Selatan,-3.7833,103.5333,Kemendagri Permendagri 72/2019 (daftar wilayah); BPS Statistik Indonesia; BIG referensi geospasial; koordinat pendekatan registry TravelFit (verifikasi via BIG/OpenStreetMap)
Muara Enim,kabupaten,Sumatera Selatan,-3.65,103.7833,Kemendagri Permendagri 72/2019 (daftar wilayah); BPS Statistik Indonesia; BIG referensi geospasial; koordinat pendekatan registry TravelFit (verifikasi via BIG/OpenStreetMap)
Musi Banyuasin,kabupaten,Sumatera Selatan,-2.8833,103.8333,Kemendagri Permendagri 72/2019 (daftar wilayah); BPS Statistik Indonesia; BIG referensi geospasial; koordinat pendekatan registry TravelFit (verifikasi via BIG/OpenStreetMap)
OKU Baturaja,kabupaten,Sumatera Selatan,-4.1333,104.1667,Kemendagri Permendagri 72/2019 (daftar wilayah); BPS Statistik Indonesia; BIG referensi geospasial; koordinat pendekatan registry TravelFit (verifikasi via BIG/OpenStreetMap)
Ogan Ilir,kabupaten,Sumatera Selatan,-3.4333,104.65,Kemendagri Permendagri 72/2019 (daftar wilayah); BPS Statistik Indonesia; BIG referensi geospasial; koordinat pendekatan registry TravelFit (verifikasi via BIG/OpenStreetMap)
Deli Serdang,kabupaten,Sumatera Utara,3.4833,98.7,Kemendagri Permendagri 72/2019 (daftar wilayah); BPS Statistik Indonesia; BIG referensi geospasial; koordinat pendekatan registry TravelFit (verifikasi via BIG/OpenStreetMap)
Karo,kabupaten,Sumatera Utara,3.1167,98.5,Kemendagri Permendagri 72/2019 (daftar wilayah); BPS Statistik Indonesia; BIG referensi geospasial; koordinat pendekatan registry TravelFit (verifikasi via BIG/OpenStreetMap)
Kota Medan,kota,Sumatera Utara,3.5952,98.6722,Kemendagri Permendagri 72/2019 (daftar wilayah); BPS Statistik Indonesia; BIG referensi geospasial; koordinat pendekatan registry TravelFit (verifikasi via BIG/OpenStreetMap)
Kota Pematangsiantar,kota,Sumatera Utara,2.96,99.06,Kemendagri Permendagri 72/2019 (daftar wilayah); BPS Statistik Indonesia; BIG referensi geospasial; koordinat pendekatan registry TravelFit (verifikasi via BIG/OpenStreetMap)
Langkat,kabupaten,Sumatera Utara,3.75,98.25,Kemendagri Permendagri 72/2019 (daftar wilayah); BPS Statistik Indonesia; BIG referensi geospasial; koordinat pendekatan registry TravelFit (verifikasi via BIG/OpenStreetMap)
Medan,kota,Sumatera Utara,3.5952,98.6722,Kemendagri Permendagri 72/2019 (daftar wilayah); BPS Statistik Indonesia; BIG referensi geospasial; koordinat pendekatan registry TravelFit (verifikasi via BIG/OpenStreetMap)
Nias Selatan,kabupaten,Sumatera Utara,0.7667,97.75,Kemendagri Permendagri 72/2019 (daftar wilayah); BPS Statistik Indonesia; BIG referensi geospasial; koordinat pendekatan registry TravelFit (verifikasi via BIG/OpenStreetMap)
Samosir,kabupaten,Sumatera Utara,2.6333,98.7167,Kemendagri Permendagri 72/2019 (daftar wilayah); BPS Statistik Indonesia; BIG referensi geospasial; koordinat pendekatan registry TravelFit (verifikasi via BIG/OpenStreetMap)
Simalungun,kabupaten,Sumatera Utara,2.95,99.0,Kemendagri Permendagri 72/2019 (daftar wilayah); BPS Statistik Indonesia; BIG referensi geospasial; koordinat pendekatan registry TravelFit (verifikasi via BIG/OpenStreetMap)
Tapanuli Tengah,kabupaten,Sumatera Utara,1.8833,98.6667,Kemendagri Permendagri 72/2019 (daftar wilayah); BPS Statistik Indonesia; BIG referensi geospasial; koordinat pendekatan registry TravelFit (verifikasi via BIG/OpenStreetMap)
Toba,kabupaten,Sumatera Utara,2.3833,99.0667,Kemendagri Permendagri 72/2019 (daftar wilayah); BPS Statistik Indonesia; BIG referensi geospasial; koordinat pendekatan registry TravelFit (verifikasi via BIG/OpenStreetMap)
